-- phpMyAdmin SQL Dump
-- version 4.6.5.2
-- https://www.phpmyadmin.net/
--
-- Máy chủ: 127.0.0.1
-- Thời gian đã tạo: Th8 26, 2017 lúc 11:23 CH
-- Phiên bản máy phục vụ: 10.1.21-MariaDB
-- Phiên bản PHP: 7.1.1

SET SQL_MODE = "NO_AUTO_VALUE_ON_ZERO";
SET time_zone = "+00:00";


/*!40101 SET @OLD_CHARACTER_SET_CLIENT=@@CHARACTER_SET_CLIENT */;
/*!40101 SET @OLD_CHARACTER_SET_RESULTS=@@CHARACTER_SET_RESULTS */;
/*!40101 SET @OLD_COLLATION_CONNECTION=@@COLLATION_CONNECTION */;
/*!40101 SET NAMES utf8mb4 */;

--
-- Cơ sở dữ liệu: `booklove`
--

-- --------------------------------------------------------

--
-- Cấu trúc bảng cho bảng `account`
--

CREATE TABLE `account` (
  `userName` varchar(24) NOT NULL,
  `passWord` varchar(256) NOT NULL,
  `firstName` varchar(20) NOT NULL,
  `lastName` varchar(20) NOT NULL,
  `gender` int(3) NOT NULL,
  `birthday` date NOT NULL,
  `email` varchar(50) NOT NULL,
  `phone` varchar(15) NOT NULL,
  `address` varchar(225) NOT NULL,
  `picture` varchar(1024) NOT NULL,
  `id_role` int(3) NOT NULL,
  `status` int(2) NOT NULL DEFAULT '1',
  `note` varchar(1024) NOT NULL
) ENGINE=InnoDB DEFAULT CHARSET=utf8;

--
-- Đang đổ dữ liệu cho bảng `account`
--

INSERT INTO `account` (`userName`, `passWord`, `firstName`, `lastName`, `gender`, `birthday`, `email`, `phone`, `address`, `picture`, `id_role`, `status`, `note`) VALUES
('admin', '202cb962ac59075b964b07152d234b70', 'Phương Nam', 'Trịnh Trần', 1, '1996-12-18', 'ttpn18121996@gmail.com', '01264196421', '590/19 CMT8 p11 q3 tp.HCM', 'public/imgs/avatar/user-default.jpg', 0, 1, ''),
('daobadat', '202cb962ac59075b964b07152d234b70', 'Bá Đạt', 'Đào', 1, '1995-12-07', 'daobadat7913@gmail.com', '0901841803', '590, CMT8, p11, q3, th.HCM', 'public/imgs/avatar/user-default.jpg', 2, 1, 'Đạt ghẻ, Đạt cờ hó, ĐBĐ - Đại Bá Đao =))'),
('keanmayvodoi', '202cb962ac59075b964b07152d234b70', 'Thành Trung', 'Nguyễn', 1, '1996-09-15', 'keanmayvodoi44@gmail.com', '01627787214', 'Bình Thuận', 'public/imgs/avatar/user-default.jpg', 2, 1, 'Nguyễn Phế Đế, Đại Tướng Quân Hộ Quốc'),
('khanhholy', '202cb962ac59075b964b07152d234b70', 'Minh Khánh', 'Nguyễn', 1, '1995-11-24', 'luxu01886885039@gmail.com', '01867890913', 'Bến Tre', 'public/imgs/avatar/khanhHoLy.jpg', 1, 1, 'Phế Sư Hầu'),
('nguyetkhung', '202cb962ac59075b964b07152d234b70', 'Minh Nguyệt', 'Tằng', 0, '1996-11-27', 'minhnguyet1196@gmail.com', '01696845713', 'Vũng Tàu', 'public/imgs/avatar/nguyetKhung.jpg', 1, 1, 'Phản đồ nữ hầu'),
('nhudoan', '202cb962ac59075b964b07152d234b70', 'Như', 'Đoàn', 0, '1996-10-22', 'doanthihuynhnhu1996@gmail.com', '01638481740', 'Tiền Giang', 'public/imgs/avatar/nhuDoan.jpg', 1, 1, 'Phá Sư Đình Hầu'),
('phuongdt', '202cb962ac59075b964b07152d234b70', 'Phương', 'Nguyễn Lâm Thanh', 2, '1994-06-25', 'thanhphuong250694@gmail.com', '0971395396', 'Cà Mau', 'public/imgs/avatar/user-default.jpg', 2, 1, 'Trung Quân Hầu'),
('thidep', '202cb962ac59075b964b07152d234b70', 'Minh Thi', 'Tằng', 0, '1999-09-05', 'minhthi05091999@gmail.com', '0123456789', 'Bà Rịa', 'public/imgs/avatar/user-default.jpg', 2, 1, 'em Nguyệt');

-- --------------------------------------------------------

--
-- Cấu trúc bảng cho bảng `author`
--

CREATE TABLE `author` (
  `id_author` int(11) NOT NULL,
  `nameAuthor` varchar(30) NOT NULL,
  `picture` varchar(225) NOT NULL,
  `story` text NOT NULL
) ENGINE=InnoDB DEFAULT CHARSET=utf8;

--
-- Đang đổ dữ liệu cho bảng `author`
--

INSERT INTO `author` (`id_author`, `nameAuthor`, `picture`, `story`) VALUES
(1, 'Nguyễn Nhật Ánh', 'public/imgs/author/nguyennhatanh.jpg', '<p>Nguyễn Nhật Ánh là nhà văn Việt Nam chuyên viết cho tuổi mới lớn. Ông sinh ngày 7 tháng 5 năm 1955 tại thôn An Mỹ, xã Bình An, huyện Thăng Bình,tỉnh Quảng Nam.</p> <p>Thuở nhỏ ông theo học tại các trường THPT Tiểu La,trường THPT chuyên ban Trần Cao Vân và THCS Phan Châu Trinh. Từ 1973 Nguyễn Nhật Ánh chuyển vào sống tại Sài Gòn, theo học ngành sư phạm. Ông đã từng đi Thanh niên xung phong, dạy học môn Văn tại trường THCS Bình Tây (Quận 6) từ năm 1983-1985.</p> <p>Sài Gòn Giải Phóng, lần lượt viết về sân khấu, phụ trách mục tiểu phẩm, phụ trách trang thiếu nhi và hiện nay là bình luận viên thể thao trên báo Sài Gòn Giải Phóng Chủ nhật với bút danh Chu Đình Ngạn. Ngoài ra, Nguyễn Nhật Ánh còn có những bút danh khác như Anh Bồ Câu, Lê Duy Cật, Đông Phương Sóc, Sóc Phương Đông,...</p><p>Năm 13 tuổi ông đăng báo bài thơ đầu tiên. Tác phẩm đầu tiên in thành sách là một tập thơ: Thành phố tháng tư, Nhà xuất bản Tác phẩm mới 1984 (in chung với Lê Thị Kim). Truyện dài đầu tiên của ông là tác phẩm Trước vòng chung kết (Nhà xuất bản Măng Non, 1984).[1] Hai mươi năm trở lại đây, ông tập trung viết văn xuôi, chuyên sáng tác về đề tài thanh thiếu niên.</p><p>Năm 1990, truyện dài Chú bé rắc rối được Trung ương Đoàn Thanh niên Cộng sản Hồ Chí Minh trao giải thưởng Văn học Trẻ hạng A. Năm 1995, ông được bầu chọn là nhà văn được yêu thích nhất trong 20 năm (1975-1995) qua cuộc trưng cầu ý kiến bạn đọc về các gương mặt trẻ tiêu biểu trên mọi lãnh vực của Thành Đoàn Thành phố Hồ Chí Minh và báo Tuổi Trẻ, đồng thời được Hội nhà Văn Thành phố Hồ Chí Minh chọn là một trong 20 nhà văn trẻ tiêu biểu trong 20 năm (1975-1995).</p>'),
(2, 'Lưu Đồng', 'public/imgs/author/user-default.jpg', '<p>Jeff Lindsay là bút danh nhà văn và nhà viết tiểu thuyết người Mỹ Jeffry P. Freundlich (sinh ngày 14 tháng 7 năm 1952), được biết đến nhiều nhất với tiểu thuyết về nhà lành chứng loạn tâm thần Dexter Morgan . Nhiều tác phẩm đã xuất bản trước của ông bao gồm vợ ông Hilary Hemingway với tư cách là đồng tác giả. Vợ ông là cháu gái của Ernest Hemingway và là một tác giả theo quyền của riêng bà. Lindsay sinh ra ở Miami [1] và tốt nghiệp trường Ransom Everglades vào năm 1970, và từ Middlebury College , Vermont, năm 1975.</p> <p>Cuốn sách đầu tiên trong loạt sách Dexter, Darkly Dreaming Dexter (Lindsay muốn đặt tên \"Pinocchio Bleeds\" sau khi con gái trung lưu gợi ý nó nhưng nhà xuất bản của ông không đồng ý) [3] đã được đưa vào danh sách đề cử ban đầu cho nhà văn Mystery Writers of America Edgar Awards trong hạng mục Tiểu thuyết hay nhất đầu tiên. Tuy nhiên, nó đã bị loại khỏi ,.danh sách sau khi nhóm biết được rằng Lindsay đã đưa ra một số cuốn sách trong những năm 1990 dưới một cái tên bút danh, Jeffrey P. Lindsay.</p> <p>Dexter phát sóng như là một bộ phim truyền hình năm 2006 trên Showtime với bộ phim đầu tiên dựa trên Darkly Dreaming Dexter . Chương trình cuối cùng đã chạy trong tám mùa, nhưng các mùa tiếp theo đã có cốt truyện gốc mà không theo các quyển sách của Lindsay. Lindsay đã có một vai diễn xuất hiện trong tập 10 của phần ba của Dexter </p> <p>Lindsay cũng đang viết một cuốn sách truyện tranh Dexter được phân phối bởi truyện tranh Marvel bao gồm hai bộ phim nhỏ: Dexter và Dexter: Down Under .</p>'),
(3, 'Nhiều tác giả', 'public/imgs/author/user-default.jpg', '<p>Jeff Lindsay là bút danh nhà văn và nhà viết tiểu thuyết người Mỹ Jeffry P. Freundlich (sinh ngày 14 tháng 7 năm 1952), được biết đến nhiều nhất với tiểu thuyết về nhà lành chứng loạn tâm thần Dexter Morgan . Nhiều tác phẩm đã xuất bản trước của ông bao gồm vợ ông Hilary Hemingway với tư cách là đồng tác giả. Vợ ông là cháu gái của Ernest Hemingway và là một tác giả theo quyền của riêng bà. Lindsay sinh ra ở Miami [1] và tốt nghiệp trường Ransom Everglades vào năm 1970, và từ Middlebury College , Vermont, năm 1975.</p> <p>Cuốn sách đầu tiên trong loạt sách Dexter, Darkly Dreaming Dexter (Lindsay muốn đặt tên \"Pinocchio Bleeds\" sau khi con gái trung lưu gợi ý nó nhưng nhà xuất bản của ông không đồng ý) [3] đã được đưa vào danh sách đề cử ban đầu cho nhà văn Mystery Writers of America Edgar Awards trong hạng mục Tiểu thuyết hay nhất đầu tiên. Tuy nhiên, nó đã bị loại khỏi ,.danh sách sau khi nhóm biết được rằng Lindsay đã đưa ra một số cuốn sách trong những năm 1990 dưới một cái tên bút danh, Jeffrey P. Lindsay.</p> <p>Dexter phát sóng như là một bộ phim truyền hình năm 2006 trên Showtime với bộ phim đầu tiên dựa trên Darkly Dreaming Dexter . Chương trình cuối cùng đã chạy trong tám mùa, nhưng các mùa tiếp theo đã có cốt truyện gốc mà không theo các quyển sách của Lindsay. Lindsay đã có một vai diễn xuất hiện trong tập 10 của phần ba của Dexter </p> <p>Lindsay cũng đang viết một cuốn sách truyện tranh Dexter được phân phối bởi truyện tranh Marvel bao gồm hai bộ phim nhỏ: Dexter và Dexter: Down Under .</p>'),
(4, 'Jeff Lindsay', 'public/imgs/author/JeffLindsay.jpg', '<p>Jeff Lindsay là bút danh nhà văn và nhà viết tiểu thuyết người Mỹ Jeffry P. Freundlich (sinh ngày 14 tháng 7 năm 1952), được biết đến nhiều nhất với tiểu thuyết về nhà lành chứng loạn tâm thần Dexter Morgan . Nhiều tác phẩm đã xuất bản trước của ông bao gồm vợ ông Hilary Hemingway với tư cách là đồng tác giả. Vợ ông là cháu gái của Ernest Hemingway và là một tác giả theo quyền của riêng bà. Lindsay sinh ra ở Miami [1] và tốt nghiệp trường Ransom Everglades vào năm 1970, và từ Middlebury College , Vermont, năm 1975.</p> <p>Cuốn sách đầu tiên trong loạt sách Dexter, Darkly Dreaming Dexter (Lindsay muốn đặt tên \"Pinocchio Bleeds\" sau khi con gái trung lưu gợi ý nó nhưng nhà xuất bản của ông không đồng ý) [3] đã được đưa vào danh sách đề cử ban đầu cho nhà văn Mystery Writers of America Edgar Awards trong hạng mục Tiểu thuyết hay nhất đầu tiên. Tuy nhiên, nó đã bị loại khỏi ,.danh sách sau khi nhóm biết được rằng Lindsay đã đưa ra một số cuốn sách trong những năm 1990 dưới một cái tên bút danh, Jeffrey P. Lindsay.</p> <p>Dexter phát sóng như là một bộ phim truyền hình năm 2006 trên Showtime với bộ phim đầu tiên dựa trên Darkly Dreaming Dexter . Chương trình cuối cùng đã chạy trong tám mùa, nhưng các mùa tiếp theo đã có cốt truyện gốc mà không theo các quyển sách của Lindsay. Lindsay đã có một vai diễn xuất hiện trong tập 10 của phần ba của Dexter </p> <p>Lindsay cũng đang viết một cuốn sách truyện tranh Dexter được phân phối bởi truyện tranh Marvel bao gồm hai bộ phim nhỏ: Dexter và Dexter: Down Under .</p>'),
(5, 'Phoenix Ho', 'public/imgs/author/PhoenixHo.jpg', '<p>Jeff Lindsay là bút danh nhà văn và nhà viết tiểu thuyết người Mỹ Jeffry P. Freundlich (sinh ngày 14 tháng 7 năm 1952), được biết đến nhiều nhất với tiểu thuyết về nhà lành chứng loạn tâm thần Dexter Morgan . Nhiều tác phẩm đã xuất bản trước của ông bao gồm vợ ông Hilary Hemingway với tư cách là đồng tác giả. Vợ ông là cháu gái của Ernest Hemingway và là một tác giả theo quyền của riêng bà. Lindsay sinh ra ở Miami [1] và tốt nghiệp trường Ransom Everglades vào năm 1970, và từ Middlebury College , Vermont, năm 1975.</p> <p>Cuốn sách đầu tiên trong loạt sách Dexter, Darkly Dreaming Dexter (Lindsay muốn đặt tên \"Pinocchio Bleeds\" sau khi con gái trung lưu gợi ý nó nhưng nhà xuất bản của ông không đồng ý) [3] đã được đưa vào danh sách đề cử ban đầu cho nhà văn Mystery Writers of America Edgar Awards trong hạng mục Tiểu thuyết hay nhất đầu tiên. Tuy nhiên, nó đã bị loại khỏi ,.danh sách sau khi nhóm biết được rằng Lindsay đã đưa ra một số cuốn sách trong những năm 1990 dưới một cái tên bút danh, Jeffrey P. Lindsay.</p> <p>Dexter phát sóng như là một bộ phim truyền hình năm 2006 trên Showtime với bộ phim đầu tiên dựa trên Darkly Dreaming Dexter . Chương trình cuối cùng đã chạy trong tám mùa, nhưng các mùa tiếp theo đã có cốt truyện gốc mà không theo các quyển sách của Lindsay. Lindsay đã có một vai diễn xuất hiện trong tập 10 của phần ba của Dexter </p> <p>Lindsay cũng đang viết một cuốn sách truyện tranh Dexter được phân phối bởi truyện tranh Marvel bao gồm hai bộ phim nhỏ: Dexter và Dexter: Down Under .</p>'),
(6, 'Trần Tường Thụy ', 'public/imgs/author/maxresdefault.jpg', '<p>Jeff Lindsay là bút danh nhà văn và nhà viết tiểu thuyết người Mỹ Jeffry P. Freundlich (sinh ngày 14 tháng 7 năm 1952), được biết đến nhiều nhất với tiểu thuyết về nhà lành chứng loạn tâm thần Dexter Morgan . Nhiều tác phẩm đã xuất bản trước của ông bao gồm vợ ông Hilary Hemingway với tư cách là đồng tác giả. Vợ ông là cháu gái của Ernest Hemingway và là một tác giả theo quyền của riêng bà. Lindsay sinh ra ở Miami [1] và tốt nghiệp trường Ransom Everglades vào năm 1970, và từ Middlebury College , Vermont, năm 1975.</p> <p>Cuốn sách đầu tiên trong loạt sách Dexter, Darkly Dreaming Dexter (Lindsay muốn đặt tên \"Pinocchio Bleeds\" sau khi con gái trung lưu gợi ý nó nhưng nhà xuất bản của ông không đồng ý) [3] đã được đưa vào danh sách đề cử ban đầu cho nhà văn Mystery Writers of America Edgar Awards trong hạng mục Tiểu thuyết hay nhất đầu tiên. Tuy nhiên, nó đã bị loại khỏi ,.danh sách sau khi nhóm biết được rằng Lindsay đã đưa ra một số cuốn sách trong những năm 1990 dưới một cái tên bút danh, Jeffrey P. Lindsay.</p> <p>Dexter phát sóng như là một bộ phim truyền hình năm 2006 trên Showtime với bộ phim đầu tiên dựa trên Darkly Dreaming Dexter . Chương trình cuối cùng đã chạy trong tám mùa, nhưng các mùa tiếp theo đã có cốt truyện gốc mà không theo các quyển sách của Lindsay. Lindsay đã có một vai diễn xuất hiện trong tập 10 của phần ba của Dexter </p> <p>Lindsay cũng đang viết một cuốn sách truyện tranh Dexter được phân phối bởi truyện tranh Marvel bao gồm hai bộ phim nhỏ: Dexter và Dexter: Down Under .</p>'),
(7, 'Nicholas Sparks', 'public/imgs/author/2016-nicholas-sparks-Styron-Photo-7231-LR.jpg', '<p>Jeff Lindsay là bút danh nhà văn và nhà viết tiểu thuyết người Mỹ Jeffry P. Freundlich (sinh ngày 14 tháng 7 năm 1952), được biết đến nhiều nhất với tiểu thuyết về nhà lành chứng loạn tâm thần Dexter Morgan . Nhiều tác phẩm đã xuất bản trước của ông bao gồm vợ ông Hilary Hemingway với tư cách là đồng tác giả. Vợ ông là cháu gái của Ernest Hemingway và là một tác giả theo quyền của riêng bà. Lindsay sinh ra ở Miami [1] và tốt nghiệp trường Ransom Everglades vào năm 1970, và từ Middlebury College , Vermont, năm 1975.</p> <p>Cuốn sách đầu tiên trong loạt sách Dexter, Darkly Dreaming Dexter (Lindsay muốn đặt tên \"Pinocchio Bleeds\" sau khi con gái trung lưu gợi ý nó nhưng nhà xuất bản của ông không đồng ý) [3] đã được đưa vào danh sách đề cử ban đầu cho nhà văn Mystery Writers of America Edgar Awards trong hạng mục Tiểu thuyết hay nhất đầu tiên. Tuy nhiên, nó đã bị loại khỏi ,.danh sách sau khi nhóm biết được rằng Lindsay đã đưa ra một số cuốn sách trong những năm 1990 dưới một cái tên bút danh, Jeffrey P. Lindsay.</p> <p>Dexter phát sóng như là một bộ phim truyền hình năm 2006 trên Showtime với bộ phim đầu tiên dựa trên Darkly Dreaming Dexter . Chương trình cuối cùng đã chạy trong tám mùa, nhưng các mùa tiếp theo đã có cốt truyện gốc mà không theo các quyển sách của Lindsay. Lindsay đã có một vai diễn xuất hiện trong tập 10 của phần ba của Dexter </p> <p>Lindsay cũng đang viết một cuốn sách truyện tranh Dexter được phân phối bởi truyện tranh Marvel bao gồm hai bộ phim nhỏ: Dexter và Dexter: Down Under .</p>'),
(8, 'Trịnh Công Sơn', 'public/imgs/author/trinhcongson.jpg', '<p>Trịnh Công Sơn (28 tháng 2 năm 1939 – 1 tháng 4 năm 2001) được coi là một trong những nhạc sĩ lớn nhất của âm nhạc đại chúng, Tân nhạc Việt Nam với nhiều tác phẩm rất phổ biến. Hiện nay chưa có thống kê chính xác về số tác phẩm để lại của ông (ước đoán con số không dưới 600 ca khúc)[1]. Tuy nhiên số ca khúc của ông được biết đến rộng rãi là 236 ca khúc (cả lời và nhạc). Nhạc của Trịnh Công Sơn được nhiều ca sĩ thể hiện, nhưng thành công hơn cả là Khánh Ly. Ngoài ra, ông còn được xem là một nhà thơ, một họa sĩ và một diễn viên không chuyên.</p><p>Năm 1957, khi 18 tuổi, ông bị một tai nạn, khi đang tập judo với người em trai, ông bị thương nặng ở ngực, suýt chết và phải nằm liệt giường gần hai năm tại Huế.[3] Thời gian nằm bệnh, ông đọc nhiều sách về triết học, văn học, tìm hiểu dân ca. Ông từng thổ lộ: \"Khi rời khỏi giường bệnh, trong tôi đã có một niềm đam mê khác – âm nhạc. Nói như vậy hình như không chính xác, có thể những điều mơ ước, khát khao đó đã ẩn chứa từ trong phần sâu kín của tiềm thức bỗng được đánh thức, trỗi dậy\".[3]</p>'),
(9, 'Vũ Trọng Phụng', 'public/imgs/author/hoangthetrung.jpg', '<p>Vũ Trọng Phụng (1912-1939) là một nhà văn, nhà báo nổi tiếng của Việt Nam vào đầu thế kỷ 20. Tuy thời gian cầm bút rất ngắn ngủi, với tác phẩm đầu tiên là truyện ngắn Chống nạng lên đường đăng trên Ngọ báo vào năm 1930, ông đã để lại một kho tác phẩm đáng kinh ngạc: hơn 30 truyện ngắn, 9 tập tiểu thuyết, 9 tập phóng sự, 7 vở kịch, cùng một bản dịch vở kịch từ tiếng Pháp, một số bài viết phê bình, tranh luận văn học và hàng trăm bài báo viết về các vấn đề chính trị, xã hội, văn hóa[1]. Một số trích đoạn tác phẩm của ông trong các tác phẩm Số đỏ và Giông Tố đã được đưa vào sách giáo khoa môn Ngữ văn của Việt Nam</p><p>Nổi tiếng với giọng văn trào phúng châm biếm xã hội của mình, một số người đã so sánh ông như Balzac của Việt Nam[4]. Tuy nhiên, cũng vì phong cách \"tả chân\" và yếu tố tình dục trong tác phẩm mà khi sinh thời ông đã bị chính quyền bảo hộ Pháp tại Hà Nội gọi ra tòa vì \"tội tổn thương phong hóa\" (outrage aux bonnes moeurs)[5]. Về sau này, tác phẩm của ông lại bị cấm in, cấm đọc vì là \"tác phẩm suy đồi\" tại miền Bắc Việt Nam và Việt Nam thống nhất cho đến tận cuối những năm 1980</p>'),
(10, 'Kiến Văn', 'public/imgs/author/kienvan.png', '<p>Jeff Lindsay là bút danh nhà văn và nhà viết tiểu thuyết người Mỹ Jeffry P. Freundlich (sinh ngày 14 tháng 7 năm 1952), được biết đến nhiều nhất với tiểu thuyết về nhà lành chứng loạn tâm thần Dexter Morgan . Nhiều tác phẩm đã xuất bản trước của ông bao gồm vợ ông Hilary Hemingway với tư cách là đồng tác giả. Vợ ông là cháu gái của Ernest Hemingway và là một tác giả theo quyền của riêng bà. Lindsay sinh ra ở Miami [1] và tốt nghiệp trường Ransom Everglades vào năm 1970, và từ Middlebury College , Vermont, năm 1975.</p> <p>Cuốn sách đầu tiên trong loạt sách Dexter, Darkly Dreaming Dexter (Lindsay muốn đặt tên \"Pinocchio Bleeds\" sau khi con gái trung lưu gợi ý nó nhưng nhà xuất bản của ông không đồng ý) [3] đã được đưa vào danh sách đề cử ban đầu cho nhà văn Mystery Writers of America Edgar Awards trong hạng mục Tiểu thuyết hay nhất đầu tiên. Tuy nhiên, nó đã bị loại khỏi ,.danh sách sau khi nhóm biết được rằng Lindsay đã đưa ra một số cuốn sách trong những năm 1990 dưới một cái tên bút danh, Jeffrey P. Lindsay.</p> <p>Dexter phát sóng như là một bộ phim truyền hình năm 2006 trên Showtime với bộ phim đầu tiên dựa trên Darkly Dreaming Dexter . Chương trình cuối cùng đã chạy trong tám mùa, nhưng các mùa tiếp theo đã có cốt truyện gốc mà không theo các quyển sách của Lindsay. Lindsay đã có một vai diễn xuất hiện trong tập 10 của phần ba của Dexter </p> <p>Lindsay cũng đang viết một cuốn sách truyện tranh Dexter được phân phối bởi truyện tranh Marvel bao gồm hai bộ phim nhỏ: Dexter và Dexter: Down Under .</p>'),
(11, 'Allan - Barbara Pease', 'public/imgs/author/user-default.jpg', '<p>Jeff Lindsay là bút danh nhà văn và nhà viết tiểu thuyết người Mỹ Jeffry P. Freundlich (sinh ngày 14 tháng 7 năm 1952), được biết đến nhiều nhất với tiểu thuyết về nhà lành chứng loạn tâm thần Dexter Morgan . Nhiều tác phẩm đã xuất bản trước của ông bao gồm vợ ông Hilary Hemingway với tư cách là đồng tác giả. Vợ ông là cháu gái của Ernest Hemingway và là một tác giả theo quyền của riêng bà. Lindsay sinh ra ở Miami [1] và tốt nghiệp trường Ransom Everglades vào năm 1970, và từ Middlebury College , Vermont, năm 1975.</p> <p>Cuốn sách đầu tiên trong loạt sách Dexter, Darkly Dreaming Dexter (Lindsay muốn đặt tên \"Pinocchio Bleeds\" sau khi con gái trung lưu gợi ý nó nhưng nhà xuất bản của ông không đồng ý) [3] đã được đưa vào danh sách đề cử ban đầu cho nhà văn Mystery Writers of America Edgar Awards trong hạng mục Tiểu thuyết hay nhất đầu tiên. Tuy nhiên, nó đã bị loại khỏi ,.danh sách sau khi nhóm biết được rằng Lindsay đã đưa ra một số cuốn sách trong những năm 1990 dưới một cái tên bút danh, Jeffrey P. Lindsay.</p> <p>Dexter phát sóng như là một bộ phim truyền hình năm 2006 trên Showtime với bộ phim đầu tiên dựa trên Darkly Dreaming Dexter . Chương trình cuối cùng đã chạy trong tám mùa, nhưng các mùa tiếp theo đã có cốt truyện gốc mà không theo các quyển sách của Lindsay. Lindsay đã có một vai diễn xuất hiện trong tập 10 của phần ba của Dexter </p> <p>Lindsay cũng đang viết một cuốn sách truyện tranh Dexter được phân phối bởi truyện tranh Marvel bao gồm hai bộ phim nhỏ: Dexter và Dexter: Down Under .</p>'),
(12, 'Tiêu Tuyết Bình', 'public/imgs/author/user-default.jpg', '<p>Jeff Lindsay là bút danh nhà văn và nhà viết tiểu thuyết người Mỹ Jeffry P. Freundlich (sinh ngày 14 tháng 7 năm 1952), được biết đến nhiều nhất với tiểu thuyết về nhà lành chứng loạn tâm thần Dexter Morgan . Nhiều tác phẩm đã xuất bản trước của ông bao gồm vợ ông Hilary Hemingway với tư cách là đồng tác giả. Vợ ông là cháu gái của Ernest Hemingway và là một tác giả theo quyền của riêng bà. Lindsay sinh ra ở Miami [1] và tốt nghiệp trường Ransom Everglades vào năm 1970, và từ Middlebury College , Vermont, năm 1975.</p> <p>Cuốn sách đầu tiên trong loạt sách Dexter, Darkly Dreaming Dexter (Lindsay muốn đặt tên \"Pinocchio Bleeds\" sau khi con gái trung lưu gợi ý nó nhưng nhà xuất bản của ông không đồng ý) [3] đã được đưa vào danh sách đề cử ban đầu cho nhà văn Mystery Writers of America Edgar Awards trong hạng mục Tiểu thuyết hay nhất đầu tiên. Tuy nhiên, nó đã bị loại khỏi ,.danh sách sau khi nhóm biết được rằng Lindsay đã đưa ra một số cuốn sách trong những năm 1990 dưới một cái tên bút danh, Jeffrey P. Lindsay.</p> <p>Dexter phát sóng như là một bộ phim truyền hình năm 2006 trên Showtime với bộ phim đầu tiên dựa trên Darkly Dreaming Dexter . Chương trình cuối cùng đã chạy trong tám mùa, nhưng các mùa tiếp theo đã có cốt truyện gốc mà không theo các quyển sách của Lindsay. Lindsay đã có một vai diễn xuất hiện trong tập 10 của phần ba của Dexter </p> <p>Lindsay cũng đang viết một cuốn sách truyện tranh Dexter được phân phối bởi truyện tranh Marvel bao gồm hai bộ phim nhỏ: Dexter và Dexter: Down Under .</p>'),
(13, 'Cao Tuấn Kiệt', 'public/imgs/author/user-default.jpg', '<p>Jeff Lindsay là bút danh nhà văn và nhà viết tiểu thuyết người Mỹ Jeffry P. Freundlich (sinh ngày 14 tháng 7 năm 1952), được biết đến nhiều nhất với tiểu thuyết về nhà lành chứng loạn tâm thần Dexter Morgan . Nhiều tác phẩm đã xuất bản trước của ông bao gồm vợ ông Hilary Hemingway với tư cách là đồng tác giả. Vợ ông là cháu gái của Ernest Hemingway và là một tác giả theo quyền của riêng bà. Lindsay sinh ra ở Miami [1] và tốt nghiệp trường Ransom Everglades vào năm 1970, và từ Middlebury College , Vermont, năm 1975.</p> <p>Cuốn sách đầu tiên trong loạt sách Dexter, Darkly Dreaming Dexter (Lindsay muốn đặt tên \"Pinocchio Bleeds\" sau khi con gái trung lưu gợi ý nó nhưng nhà xuất bản của ông không đồng ý) [3] đã được đưa vào danh sách đề cử ban đầu cho nhà văn Mystery Writers of America Edgar Awards trong hạng mục Tiểu thuyết hay nhất đầu tiên. Tuy nhiên, nó đã bị loại khỏi ,.danh sách sau khi nhóm biết được rằng Lindsay đã đưa ra một số cuốn sách trong những năm 1990 dưới một cái tên bút danh, Jeffrey P. Lindsay.</p> <p>Dexter phát sóng như là một bộ phim truyền hình năm 2006 trên Showtime với bộ phim đầu tiên dựa trên Darkly Dreaming Dexter . Chương trình cuối cùng đã chạy trong tám mùa, nhưng các mùa tiếp theo đã có cốt truyện gốc mà không theo các quyển sách của Lindsay. Lindsay đã có một vai diễn xuất hiện trong tập 10 của phần ba của Dexter </p> <p>Lindsay cũng đang viết một cuốn sách truyện tranh Dexter được phân phối bởi truyện tranh Marvel bao gồm hai bộ phim nhỏ: Dexter và Dexter: Down Under .</p>'),
(14, 'Chương Trình', 'public/imgs/author/user-default.jpg', '<p>Jeff Lindsay là bút danh nhà văn và nhà viết tiểu thuyết người Mỹ Jeffry P. Freundlich (sinh ngày 14 tháng 7 năm 1952), được biết đến nhiều nhất với tiểu thuyết về nhà lành chứng loạn tâm thần Dexter Morgan . Nhiều tác phẩm đã xuất bản trước của ông bao gồm vợ ông Hilary Hemingway với tư cách là đồng tác giả. Vợ ông là cháu gái của Ernest Hemingway và là một tác giả theo quyền của riêng bà. Lindsay sinh ra ở Miami [1] và tốt nghiệp trường Ransom Everglades vào năm 1970, và từ Middlebury College , Vermont, năm 1975.</p> <p>Cuốn sách đầu tiên trong loạt sách Dexter, Darkly Dreaming Dexter (Lindsay muốn đặt tên \"Pinocchio Bleeds\" sau khi con gái trung lưu gợi ý nó nhưng nhà xuất bản của ông không đồng ý) [3] đã được đưa vào danh sách đề cử ban đầu cho nhà văn Mystery Writers of America Edgar Awards trong hạng mục Tiểu thuyết hay nhất đầu tiên. Tuy nhiên, nó đã bị loại khỏi ,.danh sách sau khi nhóm biết được rằng Lindsay đã đưa ra một số cuốn sách trong những năm 1990 dưới một cái tên bút danh, Jeffrey P. Lindsay.</p> <p>Dexter phát sóng như là một bộ phim truyền hình năm 2006 trên Showtime với bộ phim đầu tiên dựa trên Darkly Dreaming Dexter . Chương trình cuối cùng đã chạy trong tám mùa, nhưng các mùa tiếp theo đã có cốt truyện gốc mà không theo các quyển sách của Lindsay. Lindsay đã có một vai diễn xuất hiện trong tập 10 của phần ba của Dexter </p> <p>Lindsay cũng đang viết một cuốn sách truyện tranh Dexter được phân phối bởi truyện tranh Marvel bao gồm hai bộ phim nhỏ: Dexter và Dexter: Down Under .</p>'),
(15, 'Từ Ninh', 'public/imgs/author/user-default.jpg', '<p>Jeff Lindsay là bút danh nhà văn và nhà viết tiểu thuyết người Mỹ Jeffry P. Freundlich (sinh ngày 14 tháng 7 năm 1952), được biết đến nhiều nhất với tiểu thuyết về nhà lành chứng loạn tâm thần Dexter Morgan . Nhiều tác phẩm đã xuất bản trước của ông bao gồm vợ ông Hilary Hemingway với tư cách là đồng tác giả. Vợ ông là cháu gái của Ernest Hemingway và là một tác giả theo quyền của riêng bà. Lindsay sinh ra ở Miami [1] và tốt nghiệp trường Ransom Everglades vào năm 1970, và từ Middlebury College , Vermont, năm 1975.</p> <p>Cuốn sách đầu tiên trong loạt sách Dexter, Darkly Dreaming Dexter (Lindsay muốn đặt tên \"Pinocchio Bleeds\" sau khi con gái trung lưu gợi ý nó nhưng nhà xuất bản của ông không đồng ý) [3] đã được đưa vào danh sách đề cử ban đầu cho nhà văn Mystery Writers of America Edgar Awards trong hạng mục Tiểu thuyết hay nhất đầu tiên. Tuy nhiên, nó đã bị loại khỏi ,.danh sách sau khi nhóm biết được rằng Lindsay đã đưa ra một số cuốn sách trong những năm 1990 dưới một cái tên bút danh, Jeffrey P. Lindsay.</p> <p>Dexter phát sóng như là một bộ phim truyền hình năm 2006 trên Showtime với bộ phim đầu tiên dựa trên Darkly Dreaming Dexter . Chương trình cuối cùng đã chạy trong tám mùa, nhưng các mùa tiếp theo đã có cốt truyện gốc mà không theo các quyển sách của Lindsay. Lindsay đã có một vai diễn xuất hiện trong tập 10 của phần ba của Dexter </p> <p>Lindsay cũng đang viết một cuốn sách truyện tranh Dexter được phân phối bởi truyện tranh Marvel bao gồm hai bộ phim nhỏ: Dexter và Dexter: Down Under .</p>'),
(16, 'WaterPC', 'public/imgs/author/user-default.jpg', '<p>Jeff Lindsay là bút danh nhà văn và nhà viết tiểu thuyết người Mỹ Jeffry P. Freundlich (sinh ngày 14 tháng 7 năm 1952), được biết đến nhiều nhất với tiểu thuyết về nhà lành chứng loạn tâm thần Dexter Morgan . Nhiều tác phẩm đã xuất bản trước của ông bao gồm vợ ông Hilary Hemingway với tư cách là đồng tác giả. Vợ ông là cháu gái của Ernest Hemingway và là một tác giả theo quyền của riêng bà. Lindsay sinh ra ở Miami [1] và tốt nghiệp trường Ransom Everglades vào năm 1970, và từ Middlebury College , Vermont, năm 1975.</p> <p>Cuốn sách đầu tiên trong loạt sách Dexter, Darkly Dreaming Dexter (Lindsay muốn đặt tên \"Pinocchio Bleeds\" sau khi con gái trung lưu gợi ý nó nhưng nhà xuất bản của ông không đồng ý) [3] đã được đưa vào danh sách đề cử ban đầu cho nhà văn Mystery Writers of America Edgar Awards trong hạng mục Tiểu thuyết hay nhất đầu tiên. Tuy nhiên, nó đã bị loại khỏi ,.danh sách sau khi nhóm biết được rằng Lindsay đã đưa ra một số cuốn sách trong những năm 1990 dưới một cái tên bút danh, Jeffrey P. Lindsay.</p> <p>Dexter phát sóng như là một bộ phim truyền hình năm 2006 trên Showtime với bộ phim đầu tiên dựa trên Darkly Dreaming Dexter . Chương trình cuối cùng đã chạy trong tám mùa, nhưng các mùa tiếp theo đã có cốt truyện gốc mà không theo các quyển sách của Lindsay. Lindsay đã có một vai diễn xuất hiện trong tập 10 của phần ba của Dexter </p> <p>Lindsay cũng đang viết một cuốn sách truyện tranh Dexter được phân phối bởi truyện tranh Marvel bao gồm hai bộ phim nhỏ: Dexter và Dexter: Down Under .</p>'),
(17, 'VP_COMP', 'public/imgs/author/user-default.jpg', '<p>Jeff Lindsay là bút danh nhà văn và nhà viết tiểu thuyết người Mỹ Jeffry P. Freundlich (sinh ngày 14 tháng 7 năm 1952), được biết đến nhiều nhất với tiểu thuyết về nhà lành chứng loạn tâm thần Dexter Morgan . Nhiều tác phẩm đã xuất bản trước của ông bao gồm vợ ông Hilary Hemingway với tư cách là đồng tác giả. Vợ ông là cháu gái của Ernest Hemingway và là một tác giả theo quyền của riêng bà. Lindsay sinh ra ở Miami [1] và tốt nghiệp trường Ransom Everglades vào năm 1970, và từ Middlebury College , Vermont, năm 1975.</p> <p>Cuốn sách đầu tiên trong loạt sách Dexter, Darkly Dreaming Dexter (Lindsay muốn đặt tên \"Pinocchio Bleeds\" sau khi con gái trung lưu gợi ý nó nhưng nhà xuất bản của ông không đồng ý) [3] đã được đưa vào danh sách đề cử ban đầu cho nhà văn Mystery Writers of America Edgar Awards trong hạng mục Tiểu thuyết hay nhất đầu tiên. Tuy nhiên, nó đã bị loại khỏi ,.danh sách sau khi nhóm biết được rằng Lindsay đã đưa ra một số cuốn sách trong những năm 1990 dưới một cái tên bút danh, Jeffrey P. Lindsay.</p> <p>Dexter phát sóng như là một bộ phim truyền hình năm 2006 trên Showtime với bộ phim đầu tiên dựa trên Darkly Dreaming Dexter . Chương trình cuối cùng đã chạy trong tám mùa, nhưng các mùa tiếp theo đã có cốt truyện gốc mà không theo các quyển sách của Lindsay. Lindsay đã có một vai diễn xuất hiện trong tập 10 của phần ba của Dexter </p> <p>Lindsay cũng đang viết một cuốn sách truyện tranh Dexter được phân phối bởi truyện tranh Marvel bao gồm hai bộ phim nhỏ: Dexter và Dexter: Down Under .</p>'),
(18, 'Nguyễn Thụy Khánh Chương', 'public/imgs/author/user-default.jpg', '<p>Jeff Lindsay là bút danh nhà văn và nhà viết tiểu thuyết người Mỹ Jeffry P. Freundlich (sinh ngày 14 tháng 7 năm 1952), được biết đến nhiều nhất với tiểu thuyết về nhà lành chứng loạn tâm thần Dexter Morgan . Nhiều tác phẩm đã xuất bản trước của ông bao gồm vợ ông Hilary Hemingway với tư cách là đồng tác giả. Vợ ông là cháu gái của Ernest Hemingway và là một tác giả theo quyền của riêng bà. Lindsay sinh ra ở Miami [1] và tốt nghiệp trường Ransom Everglades vào năm 1970, và từ Middlebury College , Vermont, năm 1975.</p> <p>Cuốn sách đầu tiên trong loạt sách Dexter, Darkly Dreaming Dexter (Lindsay muốn đặt tên \"Pinocchio Bleeds\" sau khi con gái trung lưu gợi ý nó nhưng nhà xuất bản của ông không đồng ý) [3] đã được đưa vào danh sách đề cử ban đầu cho nhà văn Mystery Writers of America Edgar Awards trong hạng mục Tiểu thuyết hay nhất đầu tiên. Tuy nhiên, nó đã bị loại khỏi ,.danh sách sau khi nhóm biết được rằng Lindsay đã đưa ra một số cuốn sách trong những năm 1990 dưới một cái tên bút danh, Jeffrey P. Lindsay.</p> <p>Dexter phát sóng như là một bộ phim truyền hình năm 2006 trên Showtime với bộ phim đầu tiên dựa trên Darkly Dreaming Dexter . Chương trình cuối cùng đã chạy trong tám mùa, nhưng các mùa tiếp theo đã có cốt truyện gốc mà không theo các quyển sách của Lindsay. Lindsay đã có một vai diễn xuất hiện trong tập 10 của phần ba của Dexter </p> <p>Lindsay cũng đang viết một cuốn sách truyện tranh Dexter được phân phối bởi truyện tranh Marvel bao gồm hai bộ phim nhỏ: Dexter và Dexter: Down Under .</p>'),
(19, 'Brian Tracy', 'public/imgs/author/2016-nicholas-sparks-Styron-Photo-7231-LR.jpg', '<p>Brian Tracy (sinh ngày 5 tháng 1 năm 1944) [2] là một người nói tiếng Hoa và người phát triển tự phát triển ở Mỹ . [3] [4] [5] Ông là tác giả của hơn 70 cuốn sách đã được dịch ra hàng chục ngôn ngữ. [6] Những cuốn sách phổ biến của ông ta là Earn What You\'re Really Worth , [7] Eat That Frog! , [8] và Tâm lý học về thành tựu . [9] Anh ta đã lập gia đình và có 4 người con</p><p>Brian Tracy là Chủ tịch và Giám đốc điều hành của Brian Tracy International, một công ty mà ông thành lập năm 1984 tại Vancouver , Canada . [10] [11] Brian Tracy International cung cấp tư vấn về lãnh đạo, bán hàng, lòng tự trọng, mục tiêu, chiến lược, sự sáng tạo và tâm lý thành công. [12] [13] Công ty có trụ sở tại Bankers Hill, San Diego , California .</p><p>Trước khi thành lập công ty của mình, Brian đã từng làm Giám đốc điều hành của một công ty phát triển. Ông đã có sự nghiệp trong bán hàng và tiếp thị, đầu tư, phát triển bất động sản và cung cấp, nhập khẩu, phân phối và tư vấn quản lý. [ Cần dẫn nguồn ] Ông đã đi và làm việc tại hơn 107 quốc gia trên sáu lục địa . [ Cần dẫn nguồn ] Hiện tại [ khi nào? ] , Ông đang giữ chức vụ Chủ tịch của ba công ty có trụ sở tại Solana Beach, California . [14] Anh dạy bán hàng, quản lý thời gian, phát triển cá nhân và lãnh đạo. Ông là tác giả của khoảng 70 cuốn sác</p>'),
(20, 'Takashi Ishii', 'public/imgs/author/images.jpeg', '<p>Jeff Lindsay là bút danh nhà văn và nhà viết tiểu thuyết người Mỹ Jeffry P. Freundlich (sinh ngày 14 tháng 7 năm 1952), được biết đến nhiều nhất với tiểu thuyết về nhà lành chứng loạn tâm thần Dexter Morgan . Nhiều tác phẩm đã xuất bản trước của ông bao gồm vợ ông Hilary Hemingway với tư cách là đồng tác giả. Vợ ông là cháu gái của Ernest Hemingway và là một tác giả theo quyền của riêng bà. Lindsay sinh ra ở Miami [1] và tốt nghiệp trường Ransom Everglades vào năm 1970, và từ Middlebury College , Vermont, năm 1975.</p> <p>Cuốn sách đầu tiên trong loạt sách Dexter, Darkly Dreaming Dexter (Lindsay muốn đặt tên \"Pinocchio Bleeds\" sau khi con gái trung lưu gợi ý nó nhưng nhà xuất bản của ông không đồng ý) [3] đã được đưa vào danh sách đề cử ban đầu cho nhà văn Mystery Writers of America Edgar Awards trong hạng mục Tiểu thuyết hay nhất đầu tiên. Tuy nhiên, nó đã bị loại khỏi ,.danh sách sau khi nhóm biết được rằng Lindsay đã đưa ra một số cuốn sách trong những năm 1990 dưới một cái tên bút danh, Jeffrey P. Lindsay.</p> <p>Dexter phát sóng như là một bộ phim truyền hình năm 2006 trên Showtime với bộ phim đầu tiên dựa trên Darkly Dreaming Dexter . Chương trình cuối cùng đã chạy trong tám mùa, nhưng các mùa tiếp theo đã có cốt truyện gốc mà không theo các quyển sách của Lindsay. Lindsay đã có một vai diễn xuất hiện trong tập 10 của phần ba của Dexter </p> <p>Lindsay cũng đang viết một cuốn sách truyện tranh Dexter được phân phối bởi truyện tranh Marvel bao gồm hai bộ phim nhỏ: Dexter và Dexter: Down Under .</p>'),
(21, 'Woo Bo Hyun', 'public/imgs/author/user-default.jpg', '<p>Jeff Lindsay là bút danh nhà văn và nhà viết tiểu thuyết người Mỹ Jeffry P. Freundlich (sinh ngày 14 tháng 7 năm 1952), được biết đến nhiều nhất với tiểu thuyết về nhà lành chứng loạn tâm thần Dexter Morgan . Nhiều tác phẩm đã xuất bản trước của ông bao gồm vợ ông Hilary Hemingway với tư cách là đồng tác giả. Vợ ông là cháu gái của Ernest Hemingway và là một tác giả theo quyền của riêng bà. Lindsay sinh ra ở Miami [1] và tốt nghiệp trường Ransom Everglades vào năm 1970, và từ Middlebury College , Vermont, năm 1975.</p> <p>Cuốn sách đầu tiên trong loạt sách Dexter, Darkly Dreaming Dexter (Lindsay muốn đặt tên \"Pinocchio Bleeds\" sau khi con gái trung lưu gợi ý nó nhưng nhà xuất bản của ông không đồng ý) [3] đã được đưa vào danh sách đề cử ban đầu cho nhà văn Mystery Writers of America Edgar Awards trong hạng mục Tiểu thuyết hay nhất đầu tiên. Tuy nhiên, nó đã bị loại khỏi ,.danh sách sau khi nhóm biết được rằng Lindsay đã đưa ra một số cuốn sách trong những năm 1990 dưới một cái tên bút danh, Jeffrey P. Lindsay.</p> <p>Dexter phát sóng như là một bộ phim truyền hình năm 2006 trên Showtime với bộ phim đầu tiên dựa trên Darkly Dreaming Dexter . Chương trình cuối cùng đã chạy trong tám mùa, nhưng các mùa tiếp theo đã có cốt truyện gốc mà không theo các quyển sách của Lindsay. Lindsay đã có một vai diễn xuất hiện trong tập 10 của phần ba của Dexter </p> <p>Lindsay cũng đang viết một cuốn sách truyện tranh Dexter được phân phối bởi truyện tranh Marvel bao gồm hai bộ phim nhỏ: Dexter và Dexter: Down Under .</p>'),
(22, 'Jim Gleeson', 'public/imgs/author/photo_person_1369eb645c92e9906089c5a4b206520b37caca82.jpg', '<p>Jeff Lindsay là bút danh nhà văn và nhà viết tiểu thuyết người Mỹ Jeffry P. Freundlich (sinh ngày 14 tháng 7 năm 1952), được biết đến nhiều nhất với tiểu thuyết về nhà lành chứng loạn tâm thần Dexter Morgan . Nhiều tác phẩm đã xuất bản trước của ông bao gồm vợ ông Hilary Hemingway với tư cách là đồng tác giả. Vợ ông là cháu gái của Ernest Hemingway và là một tác giả theo quyền của riêng bà. Lindsay sinh ra ở Miami [1] và tốt nghiệp trường Ransom Everglades vào năm 1970, và từ Middlebury College , Vermont, năm 1975.</p> <p>Cuốn sách đầu tiên trong loạt sách Dexter, Darkly Dreaming Dexter (Lindsay muốn đặt tên \"Pinocchio Bleeds\" sau khi con gái trung lưu gợi ý nó nhưng nhà xuất bản của ông không đồng ý) [3] đã được đưa vào danh sách đề cử ban đầu cho nhà văn Mystery Writers of America Edgar Awards trong hạng mục Tiểu thuyết hay nhất đầu tiên. Tuy nhiên, nó đã bị loại khỏi ,.danh sách sau khi nhóm biết được rằng Lindsay đã đưa ra một số cuốn sách trong những năm 1990 dưới một cái tên bút danh, Jeffrey P. Lindsay.</p> <p>Dexter phát sóng như là một bộ phim truyền hình năm 2006 trên Showtime với bộ phim đầu tiên dựa trên Darkly Dreaming Dexter . Chương trình cuối cùng đã chạy trong tám mùa, nhưng các mùa tiếp theo đã có cốt truyện gốc mà không theo các quyển sách của Lindsay. Lindsay đã có một vai diễn xuất hiện trong tập 10 của phần ba của Dexter </p> <p>Lindsay cũng đang viết một cuốn sách truyện tranh Dexter được phân phối bởi truyện tranh Marvel bao gồm hai bộ phim nhỏ: Dexter và Dexter: Down Under .</p>'),
(23, 'The Sakura', 'public/imgs/author/user-default.jpg', '<p>Jeff Lindsay là bút danh nhà văn và nhà viết tiểu thuyết người Mỹ Jeffry P. Freundlich (sinh ngày 14 tháng 7 năm 1952), được biết đến nhiều nhất với tiểu thuyết về nhà lành chứng loạn tâm thần Dexter Morgan . Nhiều tác phẩm đã xuất bản trước của ông bao gồm vợ ông Hilary Hemingway với tư cách là đồng tác giả. Vợ ông là cháu gái của Ernest Hemingway và là một tác giả theo quyền của riêng bà. Lindsay sinh ra ở Miami [1] và tốt nghiệp trường Ransom Everglades vào năm 1970, và từ Middlebury College , Vermont, năm 1975.</p> <p>Cuốn sách đầu tiên trong loạt sách Dexter, Darkly Dreaming Dexter (Lindsay muốn đặt tên \"Pinocchio Bleeds\" sau khi con gái trung lưu gợi ý nó nhưng nhà xuất bản của ông không đồng ý) [3] đã được đưa vào danh sách đề cử ban đầu cho nhà văn Mystery Writers of America Edgar Awards trong hạng mục Tiểu thuyết hay nhất đầu tiên. Tuy nhiên, nó đã bị loại khỏi ,.danh sách sau khi nhóm biết được rằng Lindsay đã đưa ra một số cuốn sách trong những năm 1990 dưới một cái tên bút danh, Jeffrey P. Lindsay.</p> <p>Dexter phát sóng như là một bộ phim truyền hình năm 2006 trên Showtime với bộ phim đầu tiên dựa trên Darkly Dreaming Dexter . Chương trình cuối cùng đã chạy trong tám mùa, nhưng các mùa tiếp theo đã có cốt truyện gốc mà không theo các quyển sách của Lindsay. Lindsay đã có một vai diễn xuất hiện trong tập 10 của phần ba của Dexter </p> <p>Lindsay cũng đang viết một cuốn sách truyện tranh Dexter được phân phối bởi truyện tranh Marvel bao gồm hai bộ phim nhỏ: Dexter và Dexter: Down Under .</p>'),
(24, 'Trí Thức Việt', 'public/imgs/author/user-default.jpg', '<p>Jeff Lindsay là bút danh nhà văn và nhà viết tiểu thuyết người Mỹ Jeffry P. Freundlich (sinh ngày 14 tháng 7 năm 1952), được biết đến nhiều nhất với tiểu thuyết về nhà lành chứng loạn tâm thần Dexter Morgan . Nhiều tác phẩm đã xuất bản trước của ông bao gồm vợ ông Hilary Hemingway với tư cách là đồng tác giả. Vợ ông là cháu gái của Ernest Hemingway và là một tác giả theo quyền của riêng bà. Lindsay sinh ra ở Miami [1] và tốt nghiệp trường Ransom Everglades vào năm 1970, và từ Middlebury College , Vermont, năm 1975.</p> <p>Cuốn sách đầu tiên trong loạt sách Dexter, Darkly Dreaming Dexter (Lindsay muốn đặt tên \"Pinocchio Bleeds\" sau khi con gái trung lưu gợi ý nó nhưng nhà xuất bản của ông không đồng ý) [3] đã được đưa vào danh sách đề cử ban đầu cho nhà văn Mystery Writers of America Edgar Awards trong hạng mục Tiểu thuyết hay nhất đầu tiên. Tuy nhiên, nó đã bị loại khỏi ,.danh sách sau khi nhóm biết được rằng Lindsay đã đưa ra một số cuốn sách trong những năm 1990 dưới một cái tên bút danh, Jeffrey P. Lindsay.</p> <p>Dexter phát sóng như là một bộ phim truyền hình năm 2006 trên Showtime với bộ phim đầu tiên dựa trên Darkly Dreaming Dexter . Chương trình cuối cùng đã chạy trong tám mùa, nhưng các mùa tiếp theo đã có cốt truyện gốc mà không theo các quyển sách của Lindsay. Lindsay đã có một vai diễn xuất hiện trong tập 10 của phần ba của Dexter </p> <p>Lindsay cũng đang viết một cuốn sách truyện tranh Dexter được phân phối bởi truyện tranh Marvel bao gồm hai bộ phim nhỏ: Dexter và Dexter: Down Under .</p>'),
(25, 'Talktomeinkorean', 'public/imgs/author/user-default.jpg', '<p>Jeff Lindsay là bút danh nhà văn và nhà viết tiểu thuyết người Mỹ Jeffry P. Freundlich (sinh ngày 14 tháng 7 năm 1952), được biết đến nhiều nhất với tiểu thuyết về nhà lành chứng loạn tâm thần Dexter Morgan . Nhiều tác phẩm đã xuất bản trước của ông bao gồm vợ ông Hilary Hemingway với tư cách là đồng tác giả. Vợ ông là cháu gái của Ernest Hemingway và là một tác giả theo quyền của riêng bà. Lindsay sinh ra ở Miami [1] và tốt nghiệp trường Ransom Everglades vào năm 1970, và từ Middlebury College , Vermont, năm 1975.</p> <p>Cuốn sách đầu tiên trong loạt sách Dexter, Darkly Dreaming Dexter (Lindsay muốn đặt tên \"Pinocchio Bleeds\" sau khi con gái trung lưu gợi ý nó nhưng nhà xuất bản của ông không đồng ý) [3] đã được đưa vào danh sách đề cử ban đầu cho nhà văn Mystery Writers of America Edgar Awards trong hạng mục Tiểu thuyết hay nhất đầu tiên. Tuy nhiên, nó đã bị loại khỏi ,.danh sách sau khi nhóm biết được rằng Lindsay đã đưa ra một số cuốn sách trong những năm 1990 dưới một cái tên bút danh, Jeffrey P. Lindsay.</p> <p>Dexter phát sóng như là một bộ phim truyền hình năm 2006 trên Showtime với bộ phim đầu tiên dựa trên Darkly Dreaming Dexter . Chương trình cuối cùng đã chạy trong tám mùa, nhưng các mùa tiếp theo đã có cốt truyện gốc mà không theo các quyển sách của Lindsay. Lindsay đã có một vai diễn xuất hiện trong tập 10 của phần ba của Dexter </p> <p>Lindsay cũng đang viết một cuốn sách truyện tranh Dexter được phân phối bởi truyện tranh Marvel bao gồm hai bộ phim nhỏ: Dexter và Dexter: Down Under .</p>'),
(26, 'Choonwon Kang', '\r\npublic/imgs/author/user-default.jpg\r\n', '<p>Jeff Lindsay là bút danh nhà văn và nhà viết tiểu thuyết người Mỹ Jeffry P. Freundlich (sinh ngày 14 tháng 7 năm 1952), được biết đến nhiều nhất với tiểu thuyết về nhà lành chứng loạn tâm thần Dexter Morgan . Nhiều tác phẩm đã xuất bản trước của ông bao gồm vợ ông Hilary Hemingway với tư cách là đồng tác giả. Vợ ông là cháu gái của Ernest Hemingway và là một tác giả theo quyền của riêng bà. Lindsay sinh ra ở Miami [1] và tốt nghiệp trường Ransom Everglades vào năm 1970, và từ Middlebury College , Vermont, năm 1975.</p> <p>Cuốn sách đầu tiên trong loạt sách Dexter, Darkly Dreaming Dexter (Lindsay muốn đặt tên \"Pinocchio Bleeds\" sau khi con gái trung lưu gợi ý nó nhưng nhà xuất bản của ông không đồng ý) [3] đã được đưa vào danh sách đề cử ban đầu cho nhà văn Mystery Writers of America Edgar Awards trong hạng mục Tiểu thuyết hay nhất đầu tiên. Tuy nhiên, nó đã bị loại khỏi ,.danh sách sau khi nhóm biết được rằng Lindsay đã đưa ra một số cuốn sách trong những năm 1990 dưới một cái tên bút danh, Jeffrey P. Lindsay.</p> <p>Dexter phát sóng như là một bộ phim truyền hình năm 2006 trên Showtime với bộ phim đầu tiên dựa trên Darkly Dreaming Dexter . Chương trình cuối cùng đã chạy trong tám mùa, nhưng các mùa tiếp theo đã có cốt truyện gốc mà không theo các quyển sách của Lindsay. Lindsay đã có một vai diễn xuất hiện trong tập 10 của phần ba của Dexter </p> <p>Lindsay cũng đang viết một cuốn sách truyện tranh Dexter được phân phối bởi truyện tranh Marvel bao gồm hai bộ phim nhỏ: Dexter và Dexter: Down Under .</p>'),
(27, 'Lê Quân', 'public/imgs/author/user-default.jpg', '<p>Jeff Lindsay là bút danh nhà văn và nhà viết tiểu thuyết người Mỹ Jeffry P. Freundlich (sinh ngày 14 tháng 7 năm 1952), được biết đến nhiều nhất với tiểu thuyết về nhà lành chứng loạn tâm thần Dexter Morgan . Nhiều tác phẩm đã xuất bản trước của ông bao gồm vợ ông Hilary Hemingway với tư cách là đồng tác giả. Vợ ông là cháu gái của Ernest Hemingway và là một tác giả theo quyền của riêng bà. Lindsay sinh ra ở Miami [1] và tốt nghiệp trường Ransom Everglades vào năm 1970, và từ Middlebury College , Vermont, năm 1975.</p> <p>Cuốn sách đầu tiên trong loạt sách Dexter, Darkly Dreaming Dexter (Lindsay muốn đặt tên \"Pinocchio Bleeds\" sau khi con gái trung lưu gợi ý nó nhưng nhà xuất bản của ông không đồng ý) [3] đã được đưa vào danh sách đề cử ban đầu cho nhà văn Mystery Writers of America Edgar Awards trong hạng mục Tiểu thuyết hay nhất đầu tiên. Tuy nhiên, nó đã bị loại khỏi ,.danh sách sau khi nhóm biết được rằng Lindsay đã đưa ra một số cuốn sách trong những năm 1990 dưới một cái tên bút danh, Jeffrey P. Lindsay.</p> <p>Dexter phát sóng như là một bộ phim truyền hình năm 2006 trên Showtime với bộ phim đầu tiên dựa trên Darkly Dreaming Dexter . Chương trình cuối cùng đã chạy trong tám mùa, nhưng các mùa tiếp theo đã có cốt truyện gốc mà không theo các quyển sách của Lindsay. Lindsay đã có một vai diễn xuất hiện trong tập 10 của phần ba của Dexter </p> <p>Lindsay cũng đang viết một cuốn sách truyện tranh Dexter được phân phối bởi truyện tranh Marvel bao gồm hai bộ phim nhỏ: Dexter và Dexter: Down Under .</p>'),
(28, 'GS. BS Trần Văn Kỳ', 'public/imgs/author/user-default.jpg', '<p>Jeff Lindsay là bút danh nhà văn và nhà viết tiểu thuyết người Mỹ Jeffry P. Freundlich (sinh ngày 14 tháng 7 năm 1952), được biết đến nhiều nhất với tiểu thuyết về nhà lành chứng loạn tâm thần Dexter Morgan . Nhiều tác phẩm đã xuất bản trước của ông bao gồm vợ ông Hilary Hemingway với tư cách là đồng tác giả. Vợ ông là cháu gái của Ernest Hemingway và là một tác giả theo quyền của riêng bà. Lindsay sinh ra ở Miami [1] và tốt nghiệp trường Ransom Everglades vào năm 1970, và từ Middlebury College , Vermont, năm 1975.</p> <p>Cuốn sách đầu tiên trong loạt sách Dexter, Darkly Dreaming Dexter (Lindsay muốn đặt tên \"Pinocchio Bleeds\" sau khi con gái trung lưu gợi ý nó nhưng nhà xuất bản của ông không đồng ý) [3] đã được đưa vào danh sách đề cử ban đầu cho nhà văn Mystery Writers of America Edgar Awards trong hạng mục Tiểu thuyết hay nhất đầu tiên. Tuy nhiên, nó đã bị loại khỏi ,.danh sách sau khi nhóm biết được rằng Lindsay đã đưa ra một số cuốn sách trong những năm 1990 dưới một cái tên bút danh, Jeffrey P. Lindsay.</p> <p>Dexter phát sóng như là một bộ phim truyền hình năm 2006 trên Showtime với bộ phim đầu tiên dựa trên Darkly Dreaming Dexter . Chương trình cuối cùng đã chạy trong tám mùa, nhưng các mùa tiếp theo đã có cốt truyện gốc mà không theo các quyển sách của Lindsay. Lindsay đã có một vai diễn xuất hiện trong tập 10 của phần ba của Dexter </p> <p>Lindsay cũng đang viết một cuốn sách truyện tranh Dexter được phân phối bởi truyện tranh Marvel bao gồm hai bộ phim nhỏ: Dexter và Dexter: Down Under .</p>'),
(29, 'Hoàng Thúy (Biên soạn)', '\r\npublic/imgs/author/user-default.jpg\r\n', '<p>Jeff Lindsay là bút danh nhà văn và nhà viết tiểu thuyết người Mỹ Jeffry P. Freundlich (sinh ngày 14 tháng 7 năm 1952), được biết đến nhiều nhất với tiểu thuyết về nhà lành chứng loạn tâm thần Dexter Morgan . Nhiều tác phẩm đã xuất bản trước của ông bao gồm vợ ông Hilary Hemingway với tư cách là đồng tác giả. Vợ ông là cháu gái của Ernest Hemingway và là một tác giả theo quyền của riêng bà. Lindsay sinh ra ở Miami [1] và tốt nghiệp trường Ransom Everglades vào năm 1970, và từ Middlebury College , Vermont, năm 1975.</p> <p>Cuốn sách đầu tiên trong loạt sách Dexter, Darkly Dreaming Dexter (Lindsay muốn đặt tên \"Pinocchio Bleeds\" sau khi con gái trung lưu gợi ý nó nhưng nhà xuất bản của ông không đồng ý) [3] đã được đưa vào danh sách đề cử ban đầu cho nhà văn Mystery Writers of America Edgar Awards trong hạng mục Tiểu thuyết hay nhất đầu tiên. Tuy nhiên, nó đã bị loại khỏi ,.danh sách sau khi nhóm biết được rằng Lindsay đã đưa ra một số cuốn sách trong những năm 1990 dưới một cái tên bút danh, Jeffrey P. Lindsay.</p> <p>Dexter phát sóng như là một bộ phim truyền hình năm 2006 trên Showtime với bộ phim đầu tiên dựa trên Darkly Dreaming Dexter . Chương trình cuối cùng đã chạy trong tám mùa, nhưng các mùa tiếp theo đã có cốt truyện gốc mà không theo các quyển sách của Lindsay. Lindsay đã có một vai diễn xuất hiện trong tập 10 của phần ba của Dexter </p> <p>Lindsay cũng đang viết một cuốn sách truyện tranh Dexter được phân phối bởi truyện tranh Marvel bao gồm hai bộ phim nhỏ: Dexter và Dexter: Down Under .</p>'),
(30, 'Penelope Ody', '\r\npublic/imgs/author/user-default.jpg\r\n', '<p>Jeff Lindsay là bút danh nhà văn và nhà viết tiểu thuyết người Mỹ Jeffry P. Freundlich (sinh ngày 14 tháng 7 năm 1952), được biết đến nhiều nhất với tiểu thuyết về nhà lành chứng loạn tâm thần Dexter Morgan . Nhiều tác phẩm đã xuất bản trước của ông bao gồm vợ ông Hilary Hemingway với tư cách là đồng tác giả. Vợ ông là cháu gái của Ernest Hemingway và là một tác giả theo quyền của riêng bà. Lindsay sinh ra ở Miami [1] và tốt nghiệp trường Ransom Everglades vào năm 1970, và từ Middlebury College , Vermont, năm 1975.</p> <p>Cuốn sách đầu tiên trong loạt sách Dexter, Darkly Dreaming Dexter (Lindsay muốn đặt tên \"Pinocchio Bleeds\" sau khi con gái trung lưu gợi ý nó nhưng nhà xuất bản của ông không đồng ý) [3] đã được đưa vào danh sách đề cử ban đầu cho nhà văn Mystery Writers of America Edgar Awards trong hạng mục Tiểu thuyết hay nhất đầu tiên. Tuy nhiên, nó đã bị loại khỏi ,.danh sách sau khi nhóm biết được rằng Lindsay đã đưa ra một số cuốn sách trong những năm 1990 dưới một cái tên bút danh, Jeffrey P. Lindsay.</p> <p>Dexter phát sóng như là một bộ phim truyền hình năm 2006 trên Showtime với bộ phim đầu tiên dựa trên Darkly Dreaming Dexter . Chương trình cuối cùng đã chạy trong tám mùa, nhưng các mùa tiếp theo đã có cốt truyện gốc mà không theo các quyển sách của Lindsay. Lindsay đã có một vai diễn xuất hiện trong tập 10 của phần ba của Dexter </p> <p>Lindsay cũng đang viết một cuốn sách truyện tranh Dexter được phân phối bởi truyện tranh Marvel bao gồm hai bộ phim nhỏ: Dexter và Dexter: Down Under .</p>'),
(31, 'BS. Phó Đức Nhuận', '\r\npublic/imgs/author/user-default.jpg\r\n', '<p>Jeff Lindsay là bút danh nhà văn và nhà viết tiểu thuyết người Mỹ Jeffry P. Freundlich (sinh ngày 14 tháng 7 năm 1952), được biết đến nhiều nhất với tiểu thuyết về nhà lành chứng loạn tâm thần Dexter Morgan . Nhiều tác phẩm đã xuất bản trước của ông bao gồm vợ ông Hilary Hemingway với tư cách là đồng tác giả. Vợ ông là cháu gái của Ernest Hemingway và là một tác giả theo quyền của riêng bà. Lindsay sinh ra ở Miami [1] và tốt nghiệp trường Ransom Everglades vào năm 1970, và từ Middlebury College , Vermont, năm 1975.</p> <p>Cuốn sách đầu tiên trong loạt sách Dexter, Darkly Dreaming Dexter (Lindsay muốn đặt tên \"Pinocchio Bleeds\" sau khi con gái trung lưu gợi ý nó nhưng nhà xuất bản của ông không đồng ý) [3] đã được đưa vào danh sách đề cử ban đầu cho nhà văn Mystery Writers of America Edgar Awards trong hạng mục Tiểu thuyết hay nhất đầu tiên. Tuy nhiên, nó đã bị loại khỏi ,.danh sách sau khi nhóm biết được rằng Lindsay đã đưa ra một số cuốn sách trong những năm 1990 dưới một cái tên bút danh, Jeffrey P. Lindsay.</p> <p>Dexter phát sóng như là một bộ phim truyền hình năm 2006 trên Showtime với bộ phim đầu tiên dựa trên Darkly Dreaming Dexter . Chương trình cuối cùng đã chạy trong tám mùa, nhưng các mùa tiếp theo đã có cốt truyện gốc mà không theo các quyển sách của Lindsay. Lindsay đã có một vai diễn xuất hiện trong tập 10 của phần ba của Dexter </p> <p>Lindsay cũng đang viết một cuốn sách truyện tranh Dexter được phân phối bởi truyện tranh Marvel bao gồm hai bộ phim nhỏ: Dexter và Dexter: Down Under .</p>');
INSERT INTO `author` (`id_author`, `nameAuthor`, `picture`, `story`) VALUES
(32, 'Kim Đồng', '\r\npublic/imgs/author/user-default.jpg\r\n', '<p>Jeff Lindsay là bút danh nhà văn và nhà viết tiểu thuyết người Mỹ Jeffry P. Freundlich (sinh ngày 14 tháng 7 năm 1952), được biết đến nhiều nhất với tiểu thuyết về nhà lành chứng loạn tâm thần Dexter Morgan . Nhiều tác phẩm đã xuất bản trước của ông bao gồm vợ ông Hilary Hemingway với tư cách là đồng tác giả. Vợ ông là cháu gái của Ernest Hemingway và là một tác giả theo quyền của riêng bà. Lindsay sinh ra ở Miami [1] và tốt nghiệp trường Ransom Everglades vào năm 1970, và từ Middlebury College , Vermont, năm 1975.</p> <p>Cuốn sách đầu tiên trong loạt sách Dexter, Darkly Dreaming Dexter (Lindsay muốn đặt tên \"Pinocchio Bleeds\" sau khi con gái trung lưu gợi ý nó nhưng nhà xuất bản của ông không đồng ý) [3] đã được đưa vào danh sách đề cử ban đầu cho nhà văn Mystery Writers of America Edgar Awards trong hạng mục Tiểu thuyết hay nhất đầu tiên. Tuy nhiên, nó đã bị loại khỏi ,.danh sách sau khi nhóm biết được rằng Lindsay đã đưa ra một số cuốn sách trong những năm 1990 dưới một cái tên bút danh, Jeffrey P. Lindsay.</p> <p>Dexter phát sóng như là một bộ phim truyền hình năm 2006 trên Showtime với bộ phim đầu tiên dựa trên Darkly Dreaming Dexter . Chương trình cuối cùng đã chạy trong tám mùa, nhưng các mùa tiếp theo đã có cốt truyện gốc mà không theo các quyển sách của Lindsay. Lindsay đã có một vai diễn xuất hiện trong tập 10 của phần ba của Dexter </p> <p>Lindsay cũng đang viết một cuốn sách truyện tranh Dexter được phân phối bởi truyện tranh Marvel bao gồm hai bộ phim nhỏ: Dexter và Dexter: Down Under .</p>');

-- --------------------------------------------------------

--
-- Cấu trúc bảng cho bảng `bill`
--

CREATE TABLE `bill` (
  `id_bill` int(11) NOT NULL,
  `fullName` varchar(225) NOT NULL,
  `phone` varchar(15) NOT NULL,
  `email` varchar(50) NOT NULL,
  `address` varchar(225) NOT NULL,
  `date` date NOT NULL,
  `status` int(2) NOT NULL DEFAULT '0',
  `payments` varchar(100) NOT NULL,
  `total` varchar(100) NOT NULL,
  `Note` varchar(1024) NOT NULL
) ENGINE=InnoDB DEFAULT CHARSET=utf8;

--
-- Đang đổ dữ liệu cho bảng `bill`
--

INSERT INTO `bill` (`id_bill`, `fullName`, `phone`, `email`, `address`, `date`, `status`, `payments`, `total`, `Note`) VALUES
(1, 'Đào Bá Đạt', '0901841803', 'daobadat7913@gmail.com', '590, CMT8, p11, q3, th.HCM', '2017-07-18', 0, 'Giao hàng', '66000', 'Gọi điện trước khi giao 30p'),
(4, 'Nguyễn Lâm Thanh Phương', '0971395396', 'thanhphuong250694@gmail.com', 'Cà Mau', '2017-08-25', 0, 'Giao hàng', '171000', 'gọi trước khi giao 30p'),
(5, 'Nguyễn Thành Trung', '01627787214', 'keanmayvodoi44@gmail.com', 'Bình Thuận', '2017-08-25', 0, 'Giao hàng', '353000', 'chỉ rãnh vào 2 4 6');

-- --------------------------------------------------------

--
-- Cấu trúc bảng cho bảng `billdetail`
--

CREATE TABLE `billdetail` (
  `id_bill` int(11) NOT NULL,
  `id_product` int(11) NOT NULL,
  `number` int(11) NOT NULL,
  `total` int(11) NOT NULL
) ENGINE=InnoDB DEFAULT CHARSET=utf8;

--
-- Đang đổ dữ liệu cho bảng `billdetail`
--

INSERT INTO `billdetail` (`id_bill`, `id_product`, `number`, `total`) VALUES
(1, 1, 1, 66000),
(4, 16, 1, 42000),
(4, 18, 1, 38000),
(4, 30, 2, 91000),
(5, 6, 1, 78000),
(5, 9, 1, 43200),
(5, 10, 2, 140800),
(5, 30, 2, 91000);

-- --------------------------------------------------------

--
-- Cấu trúc bảng cho bảng `category`
--

CREATE TABLE `category` (
  `id_category` int(11) NOT NULL,
  `nameCategory` varchar(50) NOT NULL
) ENGINE=InnoDB DEFAULT CHARSET=utf8;

--
-- Đang đổ dữ liệu cho bảng `category`
--

INSERT INTO `category` (`id_category`, `nameCategory`) VALUES
(1, 'Văn học'),
(2, 'Truyện ngắn - tản văn'),
(3, 'Kỹ năng - sống đẹp'),
(4, 'Bà mẹ - em bé'),
(5, 'Công nghệ thông tin'),
(6, 'sách thiếu nhi'),
(7, 'kinh tế'),
(8, 'ngoại ngữ'),
(9, 'y học'),
(10, 'tâm lý - giới tính');

-- --------------------------------------------------------

--
-- Cấu trúc bảng cho bảng `producer`
--

CREATE TABLE `producer` (
  `id_pro` int(11) NOT NULL,
  `nameProducer` varchar(225) NOT NULL
) ENGINE=InnoDB DEFAULT CHARSET=utf8;

--
-- Đang đổ dữ liệu cho bảng `producer`
--

INSERT INTO `producer` (`id_pro`, `nameProducer`) VALUES
(1, 'Trẻ'),
(2, 'Văn Học'),
(3, 'Thanh niên'),
(4, 'Tổng hợp TP.HCM'),
(5, 'Thông Tin & Truyền Thông'),
(6, 'Phụ Nữ'),
(7, 'Hồng Đức'),
(8, 'Từ Điển Bách Khoa'),
(9, 'Lao Động'),
(10, 'Văn Hóa - Văn Nghệ'),
(11, 'Đại Học Quốc Gia Hà Nội'),
(12, 'Văn Lang');

-- --------------------------------------------------------

--
-- Cấu trúc bảng cho bảng `product`
--

CREATE TABLE `product` (
  `id_product` int(11) NOT NULL,
  `nameProduct` varchar(50) NOT NULL,
  `id_category` int(11) NOT NULL,
  `id_author` int(11) NOT NULL,
  `id_pro` int(11) NOT NULL,
  `picture` varchar(225) NOT NULL,
  `descrip` text NOT NULL,
  `date` date NOT NULL,
  `price` int(11) NOT NULL,
  `sale` int(11) NOT NULL,
  `realPrice` int(11) NOT NULL
) ENGINE=InnoDB DEFAULT CHARSET=utf8;

--
-- Đang đổ dữ liệu cho bảng `product`
--

INSERT INTO `product` (`id_product`, `nameProduct`, `id_category`, `id_author`, `id_pro`, `picture`, `descrip`, `date`, `price`, `sale`, `realPrice`) VALUES
(1, 'Tôi thấy hoa vàng trên cỏ xanh', 1, 1, 1, 'public/imgs/products/toi_thay_hoa_vang-large.jpg', '<p>Ta bắt gặp trong Tôi Thấy Hoa Vàng Trên Cỏ Xanh một thế giới đấy bất ngờ và thi vị non trẻ với những suy ngẫm giản dị thôi nhưng gần gũi đến lạ. Câu chuyện của Tôi Thấy Hoa Vàng Trên Cỏ Xanh có chút này chút kia, để ai soi vào cũng thấy mình trong đó, kiểu như lá thư tình đầu đời của cu Thiều chẳng hạn... ngây ngô và khờ khạo.</p><p>Nhưng Tôi Thấy Hoa Vàng Trên Cỏ Xanh hình như không còn trong trẻo, thuần khiết trọn vẹn của một thế giới tuổi thơ nữa. Cuốn sách nhỏ nhắn vẫn hồn hậu, dí dỏm, ngọt ngào nhưng lại phảng phất nỗi buồn, về một người cha bệnh tật trốn nhà vì không muốn làm khổ vợ con, về một người cha khác giả làm vua bởi đứa con tâm thầm của ông luôn nghĩ mình là công chúa,... Những bài học về luân lý, về tình người trở đi trở lại trong day dứt và tiếc nuối.</p><p>Tôi Thấy Hoa Vàng Trên Cỏ Xanh lắng đọng nhẹ nhàng trong tâm tưởng để rồi ai đã lỡ đọc rồi mà muốn quên đi thì thật khó.</p><p>“Tôi thấy hoa vàng trên cỏ xanh” truyện dài mới nhất của nhà văn vừa nhận giải văn chương ASEAN Nguyễn Nhật Ánh - đã được Nhà xuất bản Trẻ mua tác quyền và giới thiệu đến độc giả cả nước.</p><p>Cuốn sách viết về tuổi thơ nghèo khó ở một làng quê, bên cạnh đề tài tình yêu quen thuộc, lần đầu tiên Nguyễn Nhật Ánh đưa vào tác phẩm của mình những nhân vật phản diện và đặt ra vấn đề đạo đức như sự vô tâm, cái ác. 81 chương ngắn là 81 câu chuyện nhỏ của những đứa trẻ xảy ra ở một ngôi làng: chuyện về con cóc Cậu trời, chuyện ma, chuyện công chúa và hoàng tử, bên cạnh chuyện đói ăn, cháy nhà, lụt lội,... “Tôi thấy hoa vàng trên cỏ xanh” hứa hẹn đem đến những điều thú vị với cả bạn đọc nhỏ tuổi và người lớn bằng giọng văn trong sáng, hồn nhiên, giản dị của trẻ con cùng nhiều tình tiết thú vị, bất ngờ và cảm động trong suốt hơn 300 trang sách. Cuốn sách, vì thế có sức ám ảnh, thu hút, hấp dẫn không thể bỏ qua.</p>', '2017-06-01', 82000, 20, 66000),
(2, 'Tuổi thanh xuân của ai không mơ hồ', 1, 2, 2, 'public/imgs/products/thanhxuancuaaikhongmoho.jpg', '<p>Trong quá trình mười năm từ 20 tuổi đến 30 tuổi, chúng ta đều sẽ đi qua những con đường giống nhau. Bạn cảm thấy cô đơn là phải rồi, đó là cơ hội giúp bạn nhận thức bản thân. Bạn cảm thấy không được thấu hiểu là phải rồi, đó là cơ hội giúp bạn nhìn rõ bè bạn. Bạn cảm thấy đen tối là phải rồi, như vậy bạn mới phân biệt ra đâu là hào quang của chính mình.Bạn cảm thấy bơ vơ là phải rồi, như vậy bạn mới tỏ tường ai là người nâng đỡ mình trong tuổi trưởng thành. Bạn cảm thấy mơ hồ là phải rồi, CÓ THANH XUÂN CỦA AI MÀ KHÔNG MƠ HỒ.</p>', '2017-06-14', 126000, 25, 94500),
(3, 'Con mơ điều giản dị', 1, 3, 3, 'public/imgs/products/con_mo_dieu_gian_di.jpg', '<p>Cuốn sách nhỏ mang tên Con mơ điều giản dị là một phần quan trọng khép lại chiến dịch cộng đồng lớn nhất năm 2016 - We Are Family - Con Mơ Điều Giản Dị.</p>  <p>Cuốn sách tranh \"Con mơ điều giản dị\" ra đời không chỉ lưu giữ, truyền tải 30 định nghĩa giản đơn về hạnh phúc gia đình qua những nét vẽ tình cảm đầy màu sắc, mà còn có cả series những bài viết do các blogger và tác giả nổi tiếng dành tặng độc giả.</p>  <p>Cuộc sống hiện đại gấp gáp và bận rộn cuốn chúng ta vào những mục tiêu và ước mơ to tát, khiến chúng ta để vụt qua hoặc quên đi những niềm vui nhỏ bé, những niềm hạnh phúc giản dị ở xung quanh mình.</p>  <p>Khi chúng ta sống chậm lại để nhận ra rằng \"Những điều giản dị nhất luôn là những điều tuyệt vời nhất đối với con trẻ!\"\r\n', '2017-06-16', 99000, 20, 79000),
(4, 'Mãi mãi là yêu thương', 1, 3, 4, 'public/imgs/products/mai-mai-la-yeu-thuong.jpg', '<p>Yêu thương là cảm xúc thiêng liêng nhất trong cuộc sống của chúng ta. Không một ai có thể sống trên đời mà thiếu tình yêu thương. Cuộc sống của bạn sẽ ý nghĩa hơn nhiều khi bạn biết dành tình thương yêu để làm cho cuộc sống của những người xung quanh và của mình ấm áp, hạnh phúc hơn</p>  <p>Có thể bạn đang được sống trong tình yêu thương của gia đình, của người thân, bạn bè. Cuộc sống trong mắt bạn chỉ toàn một màu hồng tươi sáng, đáng yêu. Thậm chí có lúc bạn còn không nhận ra hay quý trọng đúng mức những tình cảm ấy. Chỉ đến khi gặp phải những thất bại hay bất hạnh trong cuộc sống, chúng ta mới cảm nhận được hết chiều sâu của tình cảm yêu thương. Khi đó, chúng ta mới thấu hiểu và trân trọng ý nghĩa của tình yêu thương – tình cảm ấm áp có sức mạnh an ủi, nâng đỡ nhiệm màu đối với tâm hồn của con người.</p>   <p>Hy vọng tập sách này sẽ làm bạn mở rộng trái tim và ánh mắt cho những cảm nhận yêu thương sưởi ấm tâm hồn. Bởi hơn tất cả mọi thứ trên đời, tình yêu thương là sức mạnh vô biên, là điều chia sẻ quý giá không thể thiếu trong cuộc sống con người.</p>', '2017-06-19', 42000, 19, 34000),
(5, 'Nuôi dương tâm hồn(hộp 6 cuốn)', 1, 5, 1, 'public/imgs/products/nuoi-duong-tam-hon-ga-con.jpg', '<p>Bộ sản phẩm Nuôi Dưỡng Tâm Hồn - Bộ truyện Gà Con dành cho lứa tuổi 2+ gồm 6 cuốn truyện tranh thú vị và đặc sắc, là một công cụ hữu ích để các bậc cha mẹ làm bạn với con trẻ mỗi buổi tối trước giờ đi ngủ.</p> <p>Bộ truyện tranh được thực hiện dựa theo phương pháp giáo dục Shichida - Nuôi dưỡng trái tim và tâm hồn của bé, sẽ giúp ba mẹ truyền đạt những hiểu biết về phép cư xử cơ bản và nuôi dưỡng tâm hồn bé thông qua quá trình khám phá từng trang truyện thú vị, bên cạnh đó còn nâng cao khả năng đọc, khả năng tưởng tượng và năng lực diễn đạt của bé, và cũng là một trong những động lực thúc đẩty tình cảm gắn bó giữa cha mẹ và con cái...</p> <p>Bộ sách sẽ đi kèm những hướng dẫn là lời khuyên bổ ích giúp quý phụ huynh dễ dàng và thuận tiện trong quá trình sử dụng.</p> ', '2017-06-19', 150000, 20, 120000),
(6, 'Ác mộng trong đêm', 1, 6, 2, 'public/imgs/products/ac mong trong dem.jpg', '<p>Dexter và giấc mơ hắc ám (Darkly Dreaming Dexter) - cuốn tiểu thuyết được xuất bản năm 2004 của Jeff Lindsay, là cuốn sách đầu tiên trong series truyện viết về kẻ giết người hàng loạt Dexter Morgan. Cuốn sách đã dành được Giải thưởng Dilys vào năm 2005 do IMBA (The Independent Mystery Booksellers Association) bình chọn và  được các nhà làm phim Mỹ chuyển thể thành loạt phim truyền hình dài tập Dexter, được chiếu trên kênh Showtime bắt đầu từ ngày 1/10/2006.</p> <p>Nhân vật chính của cuốn tiểu thuyết, Dexter Morgan, là một chuyên gia phân tích mẫu máu làm việc cho Sở Cảnh sát Miami, và cũng đồng thời là một kẻ giết người \"một cách hoàn hảo\".Trong thời gian rảnh rỗi của mình, Dexter là một kẻ giết người hàng loạt, nhưng nạn nhân của anh ta không phải những người bình thường mà cũng chính là những kẻ giết người, những tên tội phạm trong bóng tối, những kẻ mà Dexter tin rằng chúng đã trốn thoát, trốn thoát, hoặc cuối cùng sẽ thoát khỏi công lý.</p> <p>Cuộc đấu tranh giữa thiện và ác, giữa mối ràng buộc máu thịt và công lý, giữa nỗi đau, sự ám ảnh chết chóc tận sâu trong tâm hồn đứa trẻ lên ba và lương tri con người trưởng thành dằn vặt Dexter. Sự hội ngộ trong container đông lạnh với người anh trai thất lạc khiến ký ức chết chóc hơn 2 ngày rưỡi chìm trong máu của đứa trẻ lên ba trở lại sống động hơn bao giờ hết. Sự ám ảnh của máu, cái chết và những xác người bị phanh thây trong không gian hẹp của container…</p> <p>Kết thúc truyện mở ra bằng sự trở về của Dexter trong giấc mơ hắc ám của chính mình, khi sự thật được lên tiếng và nỗi đau, sự sợ hãi nhường phần lại cho cơ hội làm người thật sự.</p>', '2017-06-19', 98000, 20, 78000),
(7, 'Mẹ dắt con đi', 3, 6, 3, 'public/imgs/products/me-dat-con-di.jpg', '<p>Tự nhận mình không có năng khiếu về chụp hình, quay phim, hội họa giống như các anh chị trong gia đình, Phoenix Ho chọn cách ghi dấu những kỷ niệm về con qua các đoạn văn ngắn để chia sẻ cho gia đình và bạn bè thân thuộc ở Mỹ. Những bài viết của chị lần lượt được đăng tải trên Facebook bằng hai thứ tiếng: Việt và Anh (sau này chị dùng tiếng Việt là chủ yếu) đã nhận được sự đồng cảm và chia sẻ của rất nhiều người. Và ngày hôm nay, những câu chuyện mà tác giả Phoenix Ho gọi là “các đoạn văn ngắn” đã được thành hình bằng cuốn sách Mẹ dắt con đi.</p> <p>Tên cuốn sách xuất phát từ câu ca dao về tình yêu vô bờ của mẹ, đã trở nên thân thuộc với mỗi người dân Việt: “Ví dầu cầu ván đóng đinh. Cầu tre lắt lẻo gập ghềnh khó đi. Khó đi mẹ dắt con đi. Con đi trường học, mẹ đi trường đời”. Vì lẽ đó, lật giở từng trang sách của Mẹ dắt con đi, bạn đọc sẽ gặp ở đây tấm lòng bao la của người mẹ trẻ với con mình. Người mẹ ấy không những mang nặng đẻ đau chín tháng mười ngày, mà còn tận tụy với con từ lúc con vừa được sinh ra, đến khi chập chững bước đi và bập bẹ cất lên những tiếng nói đầu tiên trong đời.</p> <p>Tác giả Phoenix không kể một mạch những câu chuyện về Gấu - tên thân mật của con trai chị, từ lúc sinh ra cho đến lúc cậu bé được 7 tuổi; mà chị phân chia thành 6 nhóm truyện theo các chủ đề khác nhau như: Gắn bó, Thỏ thẻ như trẻ lên ba, Nuôi dưỡng tùy cá tính tự nhiên, Kỷ luật dựa trên giá trị sống, Khi con qua 5 tuổi và Những khoảng lặng. Những câu chuyện trong cuốn sách này, được viết một cách mộc mạc, tự nhiên giống như chị đang ghi lại những khoảnh khắc trong cuộc sống của hai mẹ con, từ trong nhà ra đường phố, từ chuyện ăn ngủ đến chuyện cư xử với những người xung quanh… Ở đó, có những câu chuyện khiến chúng ta không khỏi bật cười vì sự hồn nhiên, ngây thơ của Gấu; nhưng cũng có những câu chuyện khiến chúng ta phải bùi ngùi xúc động trước tình thương bao la mà chị dành cho con trai của mình.</p> <p>Đến với cuốn sách Mẹ dắt con đi của tác giả Phoenix, bạn đọc càng thêm tin rằng: không ai yêu thương ta bằng mẹ. Bạn đọc sẽ đồng cảm với cảm giác lần đầu tiên làm mẹ của Phonenix Ho khi chị có những thương lo không biết giãi bày cùng ai: “Cho dù làm mẹ tốt cách nào, lòng mẹ vẫn luôn canh cánh mình làm sai và sợ ảnh hưởng không tốt vào cuộc đời con sau này. Quá thông cảm ư? - Sau này con khó hài lòng với người khác. Quá cứng rắn ư? - Làm tổn thương con thì sao! Quá bảo vệ ư? - Rồi làm sao nó có thể tự lập khi trưởng thành”. Chị yêu con đến mức nhiều khi một biểu hiện gì đó khác thường ở con cũng khiến chị se thắt lòng, như khi phát hiện chiếc răng của con có một lỗ nhỏ, là dấu hiệu của sâu răng. Yêu con là vậy, nhưng Phoenix Ho cũng rất nghiêm khắc trong việc dạy dỗ con. Dù rất khó nhưng chị vẫn cố gắng để con trai mình hiểu rằng “yêu thương giữa cha mẹ và con cái phải có hai chiều”. Bởi theo chị, mục đích là để “tránh tình trạng con lớn lên khư khư trong tâm trí rằng cha mẹ thương mình là chuyện đương nhiên, còn ngược lại thì không hề có”.\r\n\r\nBạn đọc sẽ còn tìm thấy ở Mẹ dắt con đi những bài học và kinh nghiệm bổ ích trong việc dạy con, được tác giả Phoenix Ho chắt lọc từ rất nhiều tài liệu tin cậy cũng như từ trải nghiệm bản thân của lần đầu tiên làm mẹ. Đặc biệt là cách chị vượt qua khó khăn của giai đoạn làm mẹ đơn thân để yêu thương con, không để con phải thiếu thốn về tình cảm. Và giờ đây, khi đã vượt qua rất nhiều khó khăn của lần đầu làm mẹ, để chứng kiến con từng bước trưởng thành, chị cảm thấy rõ hơn về vai trò thiêng liêng của mình: “Đến ngày hôm nay tôi mới tự tin rằng mình sẽ làm tốt vai trò này. Tôi cảm thấy hãnh diện vì những gì mình đã đạt được và tôi tin mình sẽ còn tiếp tục học hỏi được thật nhiều mỗi ngày trong cuộc hành trình nuôi dạy con dài đằng đẵng này”.\r\n\r\n</p>', '2017-06-19', 68000, 21, 54000),
(8, 'Kiểm thử phần mềm (Testing)', 4, 7, 4, 'public/imgs/products/kiem-thu-phan-mem.jpg', '<p>Cuốn sách Kiểm Thử Phần Mềm (Testing) gồm 24 chương giới thiệu tới bạn những điều cơ bản của kiểm thử phần mềm trong giáo dục, giảng dạy cả lý thuyết lẫn thực hành. Sách không chỉ hướng dẫn kỹ thuật cơ bản mà còn cần những kỹ năng hỗ trợ cần thiết để thử nghiệm phần mềm thành công.</p><p>Bạn sẽ tìm hiểu làm thế nào để tìm thấy ngay vấn đề trong bất kỳ chương trinh máy tính nào, làm thế nào để lập kế hoạch tiếp cận thử nghiệm hiệu quả, làm thế nào để báo cáo rõ ràng phát hiện của bạn, và làm thế nào để biết khi nào phần mềm của bạn đã sẵn sàng cho phát hành? Bạn cần biết, phần mềm của bạn vẫn sẽ được phát hành với lỗi.</p><p>Tuy nhiên, bằng cách áp dụng những kiến thức trong cuốn sách này bạn sẽ đi một chặng đường dài hướng tới đảm bảo rằng: các lỗi quan trọng nhất không nhiều và nhóm lập trình viên của bạn sẽ tạo ra phần mềm có chất lượng và an toàn nhất có thể.</p><p>Cuốn sách này được viết cho ba nhóm người khác nhau:\r\n</p><p>- Sinh viên hoặc người có sở thích quan tâm đến máy tính trong kiểm thử phần mềm là một công việc toàn thời gian, thực tập, hoặc làm việc theo nhóm. Đọc cuốn sách này trước cuộc phỏng vấn của bạn hoặc trước ngày đầu tiên của bạn trong công việc sẽ thực sự gây ấn tượng với ông chủ mới của bạn.\r\n</p><p>- Muốn đổi mới công việc, chuyển từ lĩnh vực chuyên môn của họ vào ngành công nghiệp phần mềm. Có rất nhiều cơ hội cho các chuyên gia phần mềm không áp dụng kiến thức của họ để kiểm thử phần mềm. Ví dụ, một người hướng dẫn bay có thể thử nghiệm một trò chơi mô phỏng chuyến bay, một kế toán có thể kiểm tra phần mềm chuẩn bị thuế, hoặc một giáo viên có thể thử nghiệm một chương trình giáo dục trẻ em mới.</p>', '2017-06-19', 74000, 20, 59200),
(9, 'Đoạn đường để nhớ(Tái Bản)', 2, 7, 1, 'public/imgs/products/doan-duong-de-nho.jpg', '<p>Thị trấn ven biển Beaufort, nơi từ tháng Tư chí tháng Mười trẻ con chạy chân trần trên phố, nơi người ta vui vẻ chào nhau từ cửa kính ô tô dù có quen biết hay không. Khi vội vàng lướt qua cuốn kỷ yếu để tìm bạn nhảy tạm cho vũ hội đầu năm, Landon không ngờ rằng cô gái rụt rè và mờ nhạt cậu chọn sẽ lột xác thành thiên thần xinh đẹp trong ngày công diễn vở kịch Giáng sinh. Nhưng chính vẻ đẹp đích thực trong tâm hồn Jamie mà Landon ngỡ ngàng nhận ra sau những buổi tập kịch, những lần tản bộ về nhà và trò chuyện bên hàng hiên mới dần khiến cậu phải lòng cô. Landon và Jamie say sưa trong hương vị ngọt ngào của tình yêu đầu đời, nhưng chờ đợi phía trước họ là một bí mật chưa kể sẽ khiến cuộc đời họ vĩnh viễn thay đổi.</p> <p>\"Đầu tiên, bạn mỉm cười, rồi sau đó bạn sẽ khóc - xin đừng trách tôi đã không cảnh báo trước.\" Nicholas Sparks bắt đầu cuốn truyện tiểu thuyết tình yêu của mình bằng lời khẳng định chắc nịch như vậy, để rồi lời tuyên bố ấy xác định giọng điệu cho cả câu chuyện lay động tâm can về mối tình đầu và thời tuổi trẻ.</p>', '2017-06-19', 54000, 20, 43200),
(10, 'Dành Hết Cho Em', 1, 8, 2, 'public/imgs/products/danh-het-cho-em.jpg', '<p>Mùa xuân năm 1984, ở tuổi học sinh trung học, Amanda và Dawson chìm đắm trong một tình yêu cuồng nhiệt. Họ đến từ hai thế giới khác nhau, và mối tình cháy bỏng đầu đời của họ dường như trái ngược với hiện thực cuộc sống bình yên nơi thị trấn nhỏ miền Bắc California. Khi mùa hè năm cuối cấp đến gần, nhiều sự kiện bất ngờ xảy ra, họ đã bước tiếp theo những con đường hoàn toàn khác biệt.</p><p>25 năm sau, Amanda và Dawson tình cờ tái ngộ, đều không có được cuộc sống lý tưởng mà họ từng mong ước, và đều không thể quên mối tình đầu tha thiết từng làm thay đổi đời mình. Những tín điều về bản thân, những giấc mơ mình từng trân trọng đều không như vẻ bề ngoài, đồng thời họ phát hiện sự thật tàn nhẫn vê những lựa chọn đã từng đưa ra...</p><p>Thời gian lấy đi cả hai con người đó nhiều thứ, nhưng có khi nào trả lại cho họ hạnh phúc?</p>', '2017-06-19', 88000, 20, 70400),
(11, 'Trịnh Công Sơn - Tôi Là Ai, Là Ai', 1, 8, 2, 'public/imgs/products/img011_2.jpg', '<p>Tôi là ai gồm những bài viết của nhạc sĩ Trịnh Công Sơn với nhiều thể loại, hồi ức, tản văn, tùy bút, truyện ngắn và thơ, phần lớn chưa công bố trong các tập sách đã xuất bản.</p><p>Là ai … gồm những bài viết dưới dạng kỷ niệm, hồi ức, cảm tưởng, nghiên cứu về nhạc sĩ Trịnh Công Sơn và những ca khúc của ông, phần lớn đã được công bố trên các phương tiện truyền thông đại chúng từ trước và sau ngày ông mất, của các tác giả là nhà văn, nhà thơ, nhà báo, nhạc sĩ, họa sĩ, ở trong và ngoài nước.</p><p>Mỗi người dưới góc nhìn riêng đã bày tỏ tình cảm, suy tư và nhận thức của mình về cuộc đời và những ca khúc của nhạc sĩ Trịnh Công Sơn. Chúng tôi hy vọng bạn đọc sẽ cảm nhận được qua cuốn sách Trịnh Công Sơn, Tôi là ai, là ai … những thông tin và nhiều điều hữu ích về cuộc đời và sự nghiệp của người nhạc sĩ tài hoa mà chúng ta vô cùng yêu quí.</p>', '2017-06-19', 150000, 30, 105000),
(12, 'Thiên Thần Nhỏ Của Tôi (Tái Bản)', 1, 9, 3, 'public/imgs/products/thien-than-nho-cua-toi.jpg', '<p>Khi dọn về ngôi nhà mới, Kha có một cô bạn nghèo sống trong ngõ hẻm gần đó. Khu vườn và ngôi biệt thự mà cha mẹ Kha được cấp không ngờ là nơi quen thuộc của Hồng Hoa, cứ như cô ấy đã gắn bó với nó từ lâu rồi. Vì thế, dù bị chủ nhà mới ngăn cấm, cô vẫn lén lút tìm vào khu vườn, để rồi gặp phải tai nạn... Và…</p>', '2017-06-19', 38000, 29, 27000),
(13, 'Cô Gái Đến Từ Hôm Qua (Tái Bản 2013)', 1, 1, 3, 'public/imgs/products/co-gai-den-tu-hom-qua.jpg', '<p>Nếu ngày xưa còn bé, Thư luôn tự hào mình là cậu con trai thông minh có quyền bắt nạt và sai khiến các cô bé cùng lứa tuổi thì giờ đây khi lớn lên, anh luôn khổ sở khi thấy mình ngu ngơ và bị con gái “xỏ mũi”. Và điều nghịch lý ấy xem ra càng “trớ trêu’ hơn, khi như một định mệnh, Thư nhận ra Việt An, cô bạn học thông minh thường làm mình bối rối bấy lâu nay chính là Tiểu Li, con bé hàng xóm ngốc nghếch từng hứng chịu những trò nghịch ngợm của mình hồi xưa.</p>', '2017-06-19', 45000, 29, 32000),
(14, 'Mắt Biếc - Tái Bản 2013', 1, 9, 3, 'public/imgs/products/mat-biec.jpg', '<p>Một tác phẩm được nhiều người bình chọn là hay nhất của nhà văn này. Một tác phẩm đang được dịch và giới thiệu tại Nhật Bản (theo thông tin từ các báo)… Bởi sự trong sáng của một tình cảm, bởi cái kết thúc rất, rất buồn khi suốt câu chuyện vẫn là những điều vui, buồn lẫn lộn (cái kết thúc không như mong đợi của mọi người). Cũng bởi, mắt biếc… năm xưa nay đâu (theo lời một bài hát).</p>', '2017-06-19', 58000, 29, 41000),
(15, 'Số Đỏ (Minh Long)', 1, 10, 4, 'public/imgs/products/sodo-vutrongphung.u547.d20160721.t164054.jpg', '<p>Số đỏ là một tiểu thuyết văn học của nhà văn Vũ Trọng Phụng, đăng ở Hà Nội báo từ số 40 ngày 7 tháng 10 1936 và được in thành sách lần đầu vào năm 1938. Nhiều nhân vật và câu nói trong tác phẩm đã đi vào cuộc sống đời thường và tác phẩm đã được dựng thành kịch, phim. Nhân vật chính của Số đỏ là Xuân - biệt danh là Xuân Tóc đỏ, từ chỗ là một kẻ bị coi là hạ lưu, bỗng nhảy lên tầng lớp danh giá của xã hội nhờ trào lưu Âu hóa của giới tiểu tư sản Hà Nội khi đó. Tác phẩm Số đỏ, cũng như các tác phẩm khác của Vũ Trọng Phụng đã từng bị cấm lưu hành tại Việt Nam Dân chủ Cộng hòa trước năm 1975 cũng như tại Việt Nam thống nhất cho đến năm 1986.</p>', '2017-06-19', 46000, 30, 32200),
(16, 'Danh Tác Văn Học Việt Nam - Làm Đĩ', 1, 9, 10, 'public/imgs/products/lam di 60k.u547.d20160822.t115600.225043.png', '<p>Vũ Trọng Phụng (1912 - 1939) quê ở làng Hảo (Bần Yên Nhân), huyện Mỹ Hào, tỉnh Hưng Yên, nhưng ông sinh ra, lớn lên và mất ở hà Nội.</p> <p>Tác phẩm chính: Không một tiếng vang (kịch, 1931), Cạm bẫy người (phóng sự, 1933), Dứt tình (tiểu thuyết, 1934), Kỹ nghệ lấy Tây (phóng sự, 1934), Giông tố (tiểu thuyết, 1936), Cơm thầy cơm cô (phóng sự, 1936), Vỡ đê (tiểu thuyết, 1936), Số đỏ (tiểu thuyết, 1936), Làm đĩ (tiểu thuyết, 1936), Lấy nhau vì tình (tiểu thuyết, 1937), Lục sì (phóng sự, 1937), Trúng số độc đắc (tiểu thuyết, 1938),... và nhiều truyện ngắn.</p> <p>Ông được công chúng đương thời tặng cho danh hiệu: \" Ông vua phóng sự đất Bắc\".</p><p>Làm đĩ là một thiên tả chân tiểu thuyết mục đích là hô hào nhà đạo đức và bậc làm cha mẹ lo chăm đến hạnh phúc của con cái và phải để ý đến cái sự mà những thành kiến hủ bại vẫn coi là điều bẩn thỉu, tức là cái sự dâm.</p><p>Sở dĩ tác giả không theo phải người ưa văn hoá bay bướm gọi cái sự ấy là ái tình, không theo hạng người rụt rè gọi là tình dục, nhưng lại gọi nó ra đây  bằng cái tên tục của nó, ấy là vì tác giả có quan niệm rất chắc chắn rằng cái sự ấy gần xác thịt hơn là gần linh hồn, chia nó ra làm hai cũng được, gộp nó vào làm một lại càng đúng lẽ sinh lý, hai cái điều hoà tương trợ lẫn nhau, và khi sự khao khát của xác thịt có thoả mãn thì ái tình tinh thần mới bền chặt được. Nói đến ái tình lý tưởng mà không đếm xỉa đến cái dâm, đó chỉ là việc của hạng mơ mộng hão huyền.</p>', '2017-06-20', 60000, 30, 42000),
(17, 'Giông Tố (2016)', 1, 11, 2, 'public/imgs/products/gi_ng_t__b_a_trcx280x340x2.u547.d20160414.t135135.png', '<p>Nếu đọc tiểu thuyết Giông tố trong vòng 50 năm trở lại đây, liệu bạn có biết rằng đó đã ít nhiều bị rơi rụng, sai lạc qua các lần truyền bản.</p><p>Cuốn sách này mang tính chất của một công trình văn bản học.</p><p>Người ta biết rằng, văn bản học như một ngành của ngữ văn học, vốn thiên về thực hành; nó gắn với thực tiễn xuất bản, gắn với việc công bố các tác phẩm viết bằng chữ; vì vậy hầu hết các nhà chuyên môn về biên tập sách, ở mức nhất định, đều can dự đến công tác văn bản. Tuy vậy, cho đến nay, cả trong giới làm biên tập sách lẫn giới nghiên cứu văn học ở ta hầu như chỉ có rất ít chuyên gia về văn bản.</p><p>Liên quan đến những tác phẩm đã trải qua lịch sử tồn tại hàng chục, thậm chí hàng trăm năm, người ta biết, có khá nhiều vấn đề về văn bản. Một số công trình về một số tác phẩm chữ Hán hoặc chữ Nôm, ví dụ \"Truyện Kiều\", cho thấy tình trạng phức tạp của công tác văn bản học. Đối với bộ phận tác phẩm viết và in bằng chữ Quốc ngữ Latin của các tác giả Việt Nam, tuy chỉ mới có bề dày lịch sử tồn tại trên 100 năm, song ở khía cạnh văn bản không phải vì thế mà không nảy sinh các vấn đề; việc các tác phẩm văn học Quốc ngữ hầu như chưa được nghiên cứu về mặt văn bản hoàn toàn không có nghĩa là ở đây không có các vấn đề để nêu ra và giải quyết, mà chỉ chứng tỏ sự thiên lệch không đáng có trong sự hành nghề của giới nghiên cứu.</p>', '2017-06-19', 95000, 29, 67000),
(18, 'Vỡ Đê', 1, 9, 4, 'public/imgs/products/img403_5.jpg', '<p>Vỡ đê phản ánh hiện thực trên một phạm vi khá rộng, từ thành thị đến nông thôn, song tập trung lên án những chính sách, thủ đoạn thống trị của bọn thực dân, quan lại đã đẩy người nông dân vào tình cảnh đói rét cơ cực... Một tác phẩm hiện thực phê phán của Vũ Trọng Phụng đã cho người đọc thấy lại những ngày tăm tối của dân tộc ta dưới ách thống trị của thực dân phong kiến trong giai đoạn trước 1945.</p><p>Vũ Trọng Phụng là một trong những nhà văn tiêu biểu của chủ nghĩa hiện thực giai đoạn văn học 1930-1940 ở nước ta. Ông cũng là văn sĩ dũng cảm và có ý thức rất cao về sứ mệnh nghiệp văn. Trong Vỡ đê, Vũ Trọng Phụng đã ca tụng những người cộng sản trong toà báo Lao động thời mặt trận bình dân, những người ngang tàng coi nhà tù là một cái trường đào tạo nên những tay chiến sĩ của cái phần nhân loại bị bóc lột, chiến đấu vì một thế giới tốt đẹp hơn.</p>', '2017-06-20', 48000, 21, 38000),
(19, 'Lời Vàng Dành Cho Tuổi Mới Lớn', 2, 13, 12, 'public/imgs/products/loi-vang-danh-cho-tuoi-moi-lon-a.jpg', '<p>\"Lời vàng dành cho tuổi mới lớn\" đem đến cho bạn một số vấn đề đáng suy nghĩ. Sách được xây dựng dựa trên những sự kiện, dữ liệu, lý thuyết và ý tưởng, giúp bạn và nhiều người khác thành công khi trưởng thành. Từng chi tiết của nội dung được sắp xếp để có thể chạm đến tận đáy tâm hồn và trái tim bạn. Hơn tất cả, cuốn sách được thực hiện để thử thách và hỗ trợ bạn, gia đình bạn vào bất cứ thời điểm nào.</p><p>Trong tiềm thức, tuổi mới lớn của tôi đã bị chai sạn bởi những quan niệm giáo điều của thầy cô giáo và bố mẹ áp đặt, khiến tôi trở nên tự kỷ và cứng nhắc. Rất tiếc là cuốn sách này đã không xuất bản khi tôi đang ở tuổi đó. Một tác phẩm tuyệt vời - Peter Charad</p><p>Đôi khi nội dung cuốn sách rất hài hước, nhưng lại hết sức nghiêm túc. Có rất nhiều câu chuyện, chủ đề và nhiều lời khuyên thực sự bổ ích. Đây là một cuốn sách rất hữu ích và tôi khuyên tất cả mọi người nên đọc - John Giese</p><p>Những lời nhắn nhủ trong cuốn sách hết sức lôgic và sâu sắc. Tôi đã đúng khi lựa chọn cuốn sách này. - Christopher Sheehy</p>', '2017-06-19', 58000, 29, 41000),
(20, 'Người Giàu Tiếp Theo Sẽ Là Bạn', 2, 13, 12, 'public/imgs/products/img505_6.jpg', '', '0000-00-00', 40000, 30, 28000),
(21, 'Cẩm Nang Tuổi Dậy Thì Dành Cho Bạn Trai', 5, 4, 3, 'public/imgs/products/rp_qml_camnangtuoidaythidanhchoban_trai.u5131.d20170515.t113458.408745.jpg', '<p>Cho dù có là cậu bé vô tư đến thế nào đi chăng nữa thì chắc hẳn khi bước vào tuổi dậy thì các em cũng sẽ cảm nhận và chú ý đến những biến đổi về tâm sinh lí của bản thân và thấy chúng cũng vô cùng rắc rối. Trong khi rất nhiềuchuyện mới chỉ hiểu biết nửa vời, các em đã phải đối diện với nhiều vấn đề như chuyện cơ thể dậy thì, chuyện quan hệ tình cảm hay những trách nhiệm mà giới tính của các em phải gách vác, thậm chí còn phải đối diện với những mối nguy hiểm và cám dỗ xấu xa.</p><p>Phải làm thế nào mới có thể hóa giải những bí ẩn này? Nên giữ kín trong lòng hay tâm sự với bạn bè? Nên thẳng thắn hỏi bố mẹ, thầy cô hay vụng trộm tìm hiểu từ những kênh thông tin “ngầm”…? Hãy đọc cuốn sách này nhé!</p>', '2017-06-19', 62000, 30, 42400),
(22, 'Hài Hước Nhỏ Giáo Dục Lớn - Đối Nhân Xử Thế', 3, 3, 3, 'public/imgs/products/doi-nhan-xu-the-a.jpg', '<p>Có rất nhiều loại truyện cười khác nhau. Đó có thể là những truyện chỉ đơn thuần để mua vui, giải trí. Nhưng cũng có những loại truyện không đơn giản chỉ để cười, mà ẩn đằng sau mỗi câu truyện là những triết lý sống, những bài học kinh nghiệm quý báu được đúc kết từ trong cuộc sống.</p><p>Tiếng cười ở đây không chỉ là sự sảng khoái mà còn có ý nghĩa sâu sắc và đầy trí tuệ. Hài hước nhỏ giáo dục lớn là tập hợp những câu chuyện như vậy.</p>', '2017-06-19', 40000, 20, 32000),
(23, 'Ngôn Ngữ Cơ Thể Trong Tình Yêu', 5, 5, 5, 'public/imgs/products/ngon-ngu-co-the-trong-tinh-yeu.jpg', '<p>Cuốn sách này, cùng tác giả với cuốn sách đã bán được triệu bản. The Definitive book of body language sẽ cung cấp cho bạn tất cả những điều cần biết về ngôn ngữ cơ thể trong tình yêu để từ đó bạn có thể hiểu rõ:</p><p>Cuộc chơi hẹn hò</p><p>Nghệ thuật tỏ tình và các tín hiệu tán tỉnh</p><p>Hẹn hò tốc độ, cuộc hẹn đầu tiên, những buổi tiệc tùng, hẹn hò qua mạng và các \"sứ mạng cảm từ\" khác</p><p>Bí quyết để có những mối quan hệ tình cảm thành công</p><p>Thông qua việc hướng dẫn bạn từ cách sử dụng ngôn ngữ cơ thể để gia tăng khả năng tìm được bạn đời đến cách đối phó với các vấn đề nảy sinh trong mối quan hệ tình cảm, cuốn Ngôn ngữ cơ thể trong tình yêu sẽ giúp bạn nhận biết và chỉnh sửa kiểu ngôn ngữ cơ thể gây bất lợi cho bạn.</p>', '2017-06-19', 128000, 30, 80000),
(24, 'Vén Bức Màn Bí Ẩn Của Tình Yêu Và Tình Dục', 5, 5, 5, 'public/imgs/products/img359_1_4.jpg', '<p>Tình yêu và tình dục là những đề tài thường được cho là hết sức riêng tư mà hầu hết chúng ta rất ngại chia sẻ. Không chỉ ngại chia sẻ những mong muốn, những khát khao, chúng ta còn ngại chia sẻ những phiền muộn, những thất vọng. Tất cả là do sự thiếu hiểu biết về cấu trúc sinh lý - tâm lý của cuộc sống lứa đôi, từ đó dẫn đến vô số hiểu lầm, oán trách và xa lánh, mà hậu quả là đổ vỡ hạnh phúc.</p><p>Vén bức màn bí ẩn của tình yêu & tình dục sẽ giúp bạn đọc có cái nhìn thấu suốt về đề tài nhạy cảm này.</p><p>-  Có phải đàn ông “dễ yêu” hơn phụ nữ ?</p><p>-  Làm sao giành trọn trái tim của người mình yêu ?</p><p>-  Những kiểu người nào dễ bị lệch lạc về tình dục ?</p><p>Vén Bức Màn Bí Ẩn Của Tình Yêu Và Tình Dục<p>Những câu hỏi như vậy và nhiều hơn nữa sẽ được giải đáp đầy đủ trong sách.</p>\r\n\r\nTình yêu và tình dục là những đề tài thường được cho là hết sức riêng tư mà hầu hết chúng ta rất ngại chia sẻ. Không chỉ ngại chia sẻ những mong muốn, những khát khao, chúng ta còn ngại chia sẻ những phiền muộn, những thất vọng. Tất cả là do sự thiếu hiểu biết về cấu trúc sinh lý - tâm lý của cuộc sống lứa đôi, từ đó dẫn đến vô số hiểu lầm, oán trách và xa lánh, mà hậu quả là đổ vỡ hạnh phúc.\r\n\r\nVén bức màn bí ẩn của tình yêu & tình dục sẽ giúp bạn đọc có cái nhìn thấu suốt về đề tài nhạy cảm này.\r\n\r\n-  Có phải đàn ông “dễ yêu” hơn phụ nữ ?\r\n\r\n-  Làm sao giành trọn trái tim của người mình yêu ?\r\n\r\n-  Những kiểu người nào dễ bị lệch lạc về tình dục ?\r\n\r\n-  Đâu là dấu hiệu của sự lừa dối, vụng trộm?</p>', '2017-06-19', 92000, 20, 73600),
(25, '365 Tình Huống Ứng Xử Mẹ Chồng - Nàng Dâu', 5, 5, 5, 'public/imgs/products/365-tinh-huong-ung-xu-me-chong-nang-dau_1.jpg', '<p>Trong nhà có một người đàn bà thì yên, có hai người đàn bà thì dễ rối.\" - Hai nguời đàn bà đó là mẹ chồng, nàng dâu.</p><p>Nhà nào cũng có vấn đề mẹ chồng - nàng dâu. Mẹ chồng, nàng dâu là hai người đàn bà xa lạ, không có quan hệ máu mủ, cũng không có cơ sở tình cảm đồng điệu, mà lại khác nhau rất nhiều, lớn là môi trường sinh trưởng, tính nết và chuẩn mực hành xử); nhỏ là thói quen ăn-mặc-ở, đi lại, vệ sinh... Vì cùng yêu một người đàn ông, hai người không hẹn mà ở chung một mái nhà, nên sự thích ứng với nhau không khỏi gặp nhiều khó khãn và cần có thời gian</p><p>Trong đời sống thực tế, quan hệ mẹ chồng - nàng dâu có thể trở thành mối đe dọa hạnh phúc gia đình nhỏ, cũng như đe dọa bầu không khí đầm ấm hòa mục của gia đinh lớn. Tác hại của nó chỉ sau ngoại tình.</p><p>Có người ví quan hệ mẹ chồng - nàng dâu như \"khối u ác tính\" trên cơ thể hôn nhân và gia đình, coi đó là một trong những tác nhân chủ yếu dẫn đến mâu thuẫn gia đình. Nó là \"bài học\" khó nhất đối với những người phụ nữ khi bước vào hôn nhân.</p><p>Có người nói mâu thuẫn mẹ chồng - nàng dâu là bẩm sinh, không thể điều hòa. Nói như vậy có lẽ hơi quá một chút, nhưng cũng có cái lý của nó. Vì theo lẽ trời đất, mâu thuẫn là động lực thúc đẩy sự phát triển. Ở đâu có sự sống, ở đó có mâu thuẫn.</p><p>Trong mâu thuẫn mẹ chồng - nàng dâu không tồn tại vấn đề ai đúng ai sai, cũng không nhất thiết phải truy cứu trách nhiệm. Mâu thuẫn đó chẳng qua là sự tác động của tâm lý, hoàn toàn có thể hóa giải bằng trí thông minh của bạn. Vậy trí thông minh đó là gì? Cuốn sách này sẽ đưa ra lời giải đáp.</p>', '2017-06-19', 40000, 20, 28000),
(26, 'Thấu Hiểu Con Trai Tuổi Dậy Thì', 5, 5, 5, 'public/imgs/products/img325_3_4.jpg', '<p>Là cha mẹ, có hạnh phúc nào sánh bằng việc chứng kiến con khôn lớn từng ngày? Nhưng cùng với đó, trẻ càng lớn cha mẹ sẽ cảm thấy trẻ càng khó hiểu, áp lực nuôi dạy trẻ vị thành niên cũng vì thế mà trở nên nặng nề hơn, chặng đường con trải qua tuổi dậy thì là chặng đường làm cha mẹ vất vả nhất. Cuốn sách Thấu Hiểu Con Trai Tuổi Dậy Thì bao quát sáu phương diện: Cuộc sống gia đình, học tập, tâm lí tình cảm, đối nhân xử thế, quan hệ với người lớn và khúc mắc về sinh lí của những chàng trai đang tuổi dậy thì theo cấu trúc: Nêu ví dụ, phân tích ví dụ, đưa ra lời khuyên.</p><p>Hi vọng sau khi đọc hết cuốn sách, quý vị độc giả không chỉ tìm được lời giải cho tình huống của mình mà còn có thể giúp các chàng trai: Thoải mái ở trường học, yên ấm trong gia đình và chan hòa với xã hội… vui vẻ bước qua tuổi dậy thì.</p>', '2017-06-19', 65000, 30, 45500),
(27, '80 Lời Mẹ Gửi Con Gái', 3, 3, 4, 'public/imgs/products/80-loi-me-gui-con-gai.jpg', '<p>Tuổi dậy thì tràn đầy niềm vui: sự thay đổi về sinh lý báo hiệu một thiếu niên khờ dại sẽ bắt đầu trưởng thành.</p><p>Tuổi dậy thì là thời kì vô cùng tinh tế và nhạy cảm: suy nghĩ đã chín chắn hơn, càng lúc càng biết quan tâm đến bản thân, càng lúc càng để ý đến những đánh giá của người khác, càng lúc càng khát khao tự lập.</p><p>Tuổi dậy thì là thời kì mâu thuẫn và mơ hồ: biết bao điều mới mẻ, biết bao điều chưa biết, biết bao nhiêu cám dỗ, phải đối mặt với chúng ra sao?</p><p>Tuổi dậy thì còn là giai đoạn lãng mạn, ấm áp nhất: ấp ủ hình bóng một “hoàng tử”, “công chúa” trong tim với một chút mơ mộng và một chút kỳ vọng về tình yêu...</p><p>Cha mẹ nào cũng đều từng trải qua giai đoạn dậy thì, ai cũng đều từng phải đối mặt với những đứa con đầy những \"rắc rối trưởng thành\". Thứ cảm giác ấy chắc chắn là sự đan xen giữa vui mừng và lo âu. Vui mừng vì con chúng ta đã bắt đầu khôn lớn, nhưng \"tuổi dậy thì\" là một giai đoạn thật sự mẫn cảm; làm thế nào để giao tiếp với con, làm thế nào giúp con vượt qua giai đoạn này một cách thuận lợi vẫn luôn là bài toán khó đối với các bậc cha mẹ.</p><p>80 lời mẹ gửi con gái là 80 câu hỏi mà con gái gửi cho mẹ, 80 bức thư chan chứa tình yêu thương mẹ gửi cho con gái; là những lời tâm sự ấm áp nhất của người mẹ dành tặng cho những thiếu nữ mới lớn. Cuốn sách được trình bày dưới hình thức những bức thư, thông qua những cuộc trò chuyện giữa mẹ và con, với ngôn ngữ sinh động, thái độ thân mật, ôn hòa.</p>', '2017-06-19', 65000, 30, 45500),
(28, 'Cẩm Nang Tuổi Dậy Thì Dành Cho Bạn Trai', 3, 2, 2, 'public/imgs/products/rp_qml_camnangtuoidaythidanhchoban_trai.u5131.d20170515.t113458.408745.jpg', '<p>Cho dù có là cậu bé vô tư đến thế nào đi chăng nữa thì chắc hẳn khi bước vào tuổi dậy thì các em cũng sẽ cảm nhận và chú ý đến những biến đổi về tâm sinh lí của bản thân và thấy chúng cũng vô cùng rắc rối. Trong khi rất nhiềuchuyện mới chỉ hiểu biết nửa vời, các em đã phải đối diện với nhiều vấn đề như chuyện cơ thể dậy thì, chuyện quan hệ tình cảm hay những trách nhiệm mà giới tính của các em phải gách vác, thậm chí còn phải đối diện với những mối nguy hiểm và cám dỗ xấu xa.</p><p>Phải làm thế nào mới có thể hóa giải những bí ẩn này? Nên giữ kín trong lòng hay tâm sự với bạn bè? Nên thẳng thắn hỏi bố mẹ, thầy cô hay vụng trộm tìm hiểu từ những kênh thông tin “ngầm”…? Hãy đọc cuốn sách này nhé!</p>', '2017-06-19', 62000, 30, 42400),
(29, 'Cẩm Nang Tuổi Dậy Thì Dành Cho Bạn Gái', 2, 3, 4, 'public/imgs/products/rp_qml_camnangtuoidaythidanhchoban_gai.u5131.d20170515.t112109.979989.jpg', '<p>Bước vào tuổi dậy thì, các bạn gái sẽ dần cảm nhận được những biến đổi cả về tâm lí và sinh lí. Những biến đổi đó không chỉ khiến bạn gái cảm thấy bất ngờ thú vị mà còn làm các bạn thấy tò mò, xấu hổ, cùng với một chút bỡ ngỡ, lo lắng. Biết bao nhiêu điều các bạn muốn biết, cần biết nhưng lại ngại ngùng không dám hỏi cha mẹ, thầy cô. Những câu hỏi đó dần trở thành một dấu hỏi lớn mà mỗi bạn giấu kín trong lòng, chỉ dám nhỏ to tâm sự cùng bạn bè thân thiết nhất thôi.</p>', '2017-06-19', 68000, 30, 47600),
(30, '80 Lời Bố Gửi Con Trai', 3, 2, 5, 'public/imgs/products/80-loi-bo-gui-con-trai_1.jpg', '<p>Tuổi dậy thì tràn đầy niềm vui: sự thay đổi về sinh lý báo hiệu một thiếu niên khờ dại sẽ bắt đầu trưởng thành.</p><p>Tuổi dậy thì là thời kì vô cùng tinh tế và nhạy cảm: suy nghĩ đã chín chắn hơn, càng lúc càng biết quan tâm đến bản thân, càng lúc càng để ý đến những đánh giá của người khác, càng lúc càng khát khao tự lập.</p><p>Tuổi dậy thì là thời kì mâu thuẫn và mơ hồ: biết bao điều mới mẻ, biết bao điều chưa biết, biết bao nhiêu cám dỗ, phải đối mặt với chúng ra sao?</p><p>Tuổi dậy thì còn là giai đoạn lãng mạn, ấm áp nhất: ấp ủ hình bóng một “hoàng tử”, “công chúa” trong tim với một chút mơ mộng và một chút kỳ vọng về tình yêu...</p><p>Cha mẹ nào cũng đều từng trải qua giai đoạn dậy thì, ai cũng đều từng phải đối mặt với những đứa con đầy những \"rắc rối trưởng thành\". Thứ cảm giác ấy chắc chắn là sự đan xen giữa vui mừng và lo âu, nhưng lo âu nhiều hơn vui mừng. Vui mừng vì con chúng ta đã bắt đầu khôn lớn, nhưng \"tuổi dậy thì\" là một giai đoạn thật sự mẫn cảm; làm thế nào để giao tiếp với con, làm thế nào giúp con vượt qua giai đoạn này một cách thuận lợi vẫn luôn là bài toán khó đối với các bậc cha mẹ.</p><p>80 lời bố gửi con trai là những bức tâm thư bố gửi cho con trai, để cùng con đối diện với giai đoạn đặc biệt của tuổi dậy thì, giai đoạn mà một cậu con trai cần phải trải qua để trở thành một người đàn ông thực thụ.</p><p>Lựa chọn hình thức những bức “thư”, với thái độ thân tình, ngôn ngữ sinh động, tác giả đã khéo léo giải đáp những câu hỏi thường gặp về tâm sinh lý khi con trai bước vào tuổi dậy thì. Ngoài việc hướng dẫn con trai ứng xử với những thay đổi tâm sinh lý của bản thân cuốn sách còn khích lệ và giúp con trai hòa đồng cùng bạn bè, người thân; cùng các bạn trai xây dựng những phẩm chất con trai cần phải có.</p>', '2017-06-20', 65000, 30, 45500),
(31, 'Tự Học Nhanh Windows Vista', 2, 3, 5, 'public/imgs/products/tu_hoc_nhanh_windows_vista_1.jpg', '<p>Trong thời đại công nghệ thông tin bùng nổ như hiện nay, chiếc máy vi tính đã trở thành người bạn thân thiết với hầu hết mọi người, đặc biệt là giới trẻ - những người yêu thích công nghệ và tìm tòi, khám phá.</p><p>Tự Học Nhanh Windows Vista ra đời với mục đích giới thiệu tới bạn đọc cách sử dụng những phiên bản mới nhất của các chương trình thường dùng, cách khắc phục những sự cố thường gặp và làm chủ những ứng dụng trên máy vi tính. Qua đó, bạn có thể nhanh chóng áp dụng một kiểu dáng mới vào các tài liệu của mình hay nhanh chóng xử lý các tài liệu sao cho thật phù hợp.</p><p>Nằm trong bộ sách tin học, chắc chắn cuốn sách này sẽ đem đến cho bạn rất nhiều điều thú vị và bổ ích!</p>', '2017-06-18', 36000, 30, 25200),
(32, 'Tự Học Nhanh Windows XP', 2, 3, 3, 'public/imgs/products/tu_hoc_nhanh_windows_xp_1_.jpg', '<p>Trong thời đại công nghệ thông tin bùng nổ như hiện nay, chiếc máy vi tính đã trở thành người bạn thân thiết với hầu hết mọi người, đặc biệt là giới trẻ - những người yêu thích công nghệ và tìm tòi , khám phá.</p><p>Bộ Sách Tin học ra đời với mục đích giới thiệu tới bạn đọc cách sử dụng những phiên bản mới nhất của các chương trình thường dùng, cách khắc phục những sự cố thường gặp và làm chủ những ứng dụng trên máy vi tính. Qua đó, bạn có thể nhanh chóng áp dụng một kiểu dáng mới vào các tài liệu của mình hay nhanh chóng xử lý các tài liệu sao cho thật phù hợp</p><p>Nằm trong bộ sách tin học, chắc chắn cuốn sách này sẽ đem đến cho bạn rất nhiều điều thú vị và bổ ích!</p><p>Mời bạn đón đọc!</p>', '2017-06-19', 32000, 30, 22400),
(33, 'Tự Khắc Phục Máy Tính Khi Bị Vi Rút Tấn Công', 2, 5, 2, 'public/imgs/products/khac_phuc_mt_khi_bi_virus.jpg', '<p>Virus máy tính có một quá trình phát triển khá dài, và nó luôn song hành cùng những chiếc \"máy tính\". Khi công nghệ phần mềm cũng như phần cứng phát triển thì virus cũng phát triển theo. Hệ điều hành thay đổi thì virus máy tính cũng tự thay đổi mình để phù hợp với hệ điều hành đó và để có thể ăn bám ký sinh. Tất nhiên virus không tự sinh ra.</p><p>Có thể việc viết virus mang mục đích phá hoại, thử nghiệm hay đơn giản chỉ là một thú đùa vui ác ý. Nhưng chỉ có điều những cái đầu thông minh này khiến chúng ta phải đau đầu đối phó và cuộc chiến này gần như không chấm dứt, nó vẫn đang tiếp diễn.</p><p>Có nhiều tài liệu khác nhau nói về xuất xứ virus máy tính, âu cũng là điều dễ hiểu, bởi lẽ vào thời điểm đó con người chưa thể hình dung ra nổi một \"xã hội\" đông đúc và nguy hiểm của virus máy tính như ngày nay, điều đó cũng có nghĩa là không mấy người quan tâm tới chúng. Chỉ khi chúng ta gây ra những hậu quả nghiêm trọng như ngày nay, người ta mới lật lại hồ sơ để tìm hiểu. Vì vậy, cuốn sách Tự Khắc Phục Máy Tính Khi Bị Vi Rút Tấn Công sẽ là tài liệu bổ ích cho bạn trong việc khắc phục máy tính khi virus tấn công.</p>', '2017-06-11', 45000, 30, 31500),
(34, 'Tự Học Nhanh Đồ Họa Văn Phòng', 3, 1, 4, 'public/imgs/products/tu_hoc_nhanh_do_hoa_van_phong.jpg', '<p>Với quyển Tự Học Nhanh Đồ Họa Văn Phòng, người học sẽ được trang bị kiến thức đồ họa văn phòng, những cách chỉnh sửa, vẽ hình ảnh, sơ đồ tổ chức đơn giản sử dụng cho mục đích văn phòng.</p><p>Sách gồm các phần sau:</p>- Cách pha trộn hình ảnh với Ms Autocollage<p></p><p>- Chỉnh sửa hình ảnh Snipping Tool của Windows Vista</p><p>- Học các hiệu ứng Macromedia Flash</p><p>- Học đồ họa trong Microsoft Office Word 2007</p>', '2017-06-13', 32000, 30, 22400),
(35, 'Ai Sẽ Được Thăng Tiến', 3, 3, 3, 'public/imgs/products/ai-se-duoc-thang-tien.u547.d20161207.t092024.945282.png', '<p>Chính trị doanh nghiệp là một kỹ năng quan trọng trong số những kỹ năng giúp bạn đạt được thành công trong công việc. Có thể bạn đã nhận thấy tầm quan trọng của kỹ năng này. Nếu vậy thì cần phải mau chóng rèn luyện nó một cách sắc sảo và nghiêm túc để cải thiện cơ hội thành công của bản thân. Nếu vẫn còn mù mờ về chính trị doanh nghiệp, bạn nên suy nghĩ và trao đổi với những người có kinh nghiệm để thấy được tầm quan trọng của nó. Một khi hiểu ra vấn đề, chắc chắn bạn không thể coi thường kỹ năng chính trị doanh nghiệp nếu thực sự mong muốn đạt được thành công.</p><p>\"Ai sẽ được thăng tiến\" sẽ cung cấp những lý giải về những khiếm khuyết vốn tồn tại trong một hệ thống tổ chức, ý nghĩa các mối quan hệ nội tại của tổ chức, từ đó chỉ ra vai trò của các mối quan hệ đối với sự thăng tiến của cá nhân trong tổ chức.</p><p>Cuốn sách đưa ra những  khái niệm quan trọng về trí thông minh chính trị, 4 loại quyền lực trong doanh nghiệp, 4 loại nhân viên, 3 loại văn hóa doanh nghiệp, 2 loại công bằng doanh nghiệp, 3 rủi ro của chính trị doanh nghiệp và 3 rủi ro khi quá chú trọng chuyên môn, và cốt lõi của chính trị doanh nghiệp: sự chính trực. Cuốn sách còn đưa ra một hệ nhận thức các đầu mối, điểm và mắt xích của mạng lưới quan hệ trong doanh nghiệp, cũng như những chiến lược thiết thực mà cá nhân có thể lựa chọn cho mình trong việc xác lập con đường thăng tiến của mình.</p><p>Đây là một tác phẩm đặc biệt: nó gợi lại những ấn tượng về thuật xử thế phương Đông, nhưng lại mang một tinh thần quản trị phương Tây rõ nét, với chất giọng đơn giản đặc trưng của sách kỹ năng cùng một chiều sâu tư duy của những trải nghiệm thực tế. Thật vậy, và quả thật không cần phô trương, sự đơn giản xác thực luôn gây ấn tượng: cuốn sách này chắc chắn tác động một cách vừa nhẹ nhàng vừa lâu dài lên nhận thức của bạn về những mối quan hệ nội doanh nghiệp và rộng hơn thế.</p>', '2017-06-13', 54000, 30, 38000),
(36, 'Thuật Sáng Tạo Và Giải Quyết Vấn Đề', 1, 2, 4, 'public/imgs/products/img590_1_3.jpg', '<p>Bạn là một thiên tài còn ẩn dấu. Bạn có nhiều tiềm năng hơn những gì bạn có thể sử dụng suốt cuộc đời. Theo Tony Buzan, chuyên gia nghiên cứu hoạt động của não bộ, số lượng ý tưởng và suy nghĩ mà bạn tạo ra với 100 tỉ tế bào não lớn hơn nhiều lần so tổng số phân tử được biết đến trong vũ trụ.</p><p>Ngay bây giờ bạn có khả năng phát triển một dòng ý tưởng tuyệt vời về sản phẩm, thị trường và bán ngày càng nhiều các sản phẩm và dịch vụ cho nhiều khách hàng hơn, ở nhiều thị trường hơn bạn từng làm trước đây. Bằng cách đặt câu hỏi và trả lời các câu hỏi được đưa ra trong cuốn sách này, tư duy của bạn sẽ tràn đầy những ý tưởng mới lấp lánh như cây thông Giáng sinh với đầy sự sáng suốt trong mọi ngày</p>', '2017-06-12', 54000, 30, 38000),
(37, 'Bí Quyết Tuyển Dụng Và Đãi Ngộ Người Tài (Tái Bản)', 2, 1, 5, 'public/imgs/products/biquyettuyendungnguoitai.u5168.d20170414.t194634.187930.jpg', '<p>\"Bí Quyết Tuyển Dụng Và Đãi Ngộ Người Tài\" là một cuốn sách hữu ích cho tất cả những nhà quản lý, doanh nhân, nhân viên điều hành... những người có công việc liên quan đến công tác tuyển dụng. Qua mỗi chương, bạn sẽ từng bước học được những bí quyết, những phương pháp và kỹ thuật mà bạn có thể áp dụng ngay để chiêu mộ nhân tài và nâng cao hiệu quả làm việc của họ sau khi tuyển dụng</p><p>Nhiều người trở thành nhà quản lý một cách ngẫu nhiên. Khi họ làm việc tốt, có nhiều kinh nghiệm, được thăng tiến hay do yêu cầu công việc, họ cảm thấy mình có trách nhiệm với công việc của những người xung quanh. Khi đó, chính họ phải tìm kiếm, phỏng vấn, tuyển dụng và bổ nhiệm những người mà năng lực làm việc sẽ ảnh hưởng trực tiếp đến công việc của người tuyển dụng. Thu nhập và cơ hội thăng tiến của người quản lý đó lại phụ thuộc vào khả năng làm việc của những người mà họ đã tuyển. Việc lựa chọn và giữ chân những nhân viên giỏi không phải là một việc có thể học được nhờ giáo trình và những khoá đào tạo. Công việc này đòi hỏi cả một nghệ thuật cùng với những kỹ năng cần thiết mà chúng ta chỉ có thể được từ những trải nghiệm thực tế - dĩ nhiên là sau khi đã phạm phải không ít sai lầm.</p><p>húng ta thường xem việc tìm người để lấp vào vị trí còn trống là một vấn đề phải giải quyết càng sớm càng tốt để chúng ta có thời gian tập trung vào công việc của mình. Thế nhưng, chính chúng ta đã quên một điều rằng lựa chọn đúng người cho vị trí đó mới là việc quan trọng nhất mà chúng ta cần phải làm. Sau khi đã tìm được người, cho dù quyết định đó có đúng hay không thì nhiều nhà quản lý vẫn nhận thức được một cách rõ ràng về những điều mình nên truyền đạt để tạo dựng và duy trì lòng trung thành, sự tận tâm cống hiến trong công việc của nhân viên. Kết quả là chính những lời nói hoặc hành động của họ đã làm giảm năng suất và hiệu quả làm việc của những nhân viên mới được tuyển dụng. Nếu bạn là một trong số những nhà quản lý như thế thì đây thật sự là một cuốn sách cần thiết cho bạn. Cuốn sách đưa ra những phương pháp có thể áp dụng một cách nhanh chóng và hiệu quả trong việc tuyển dụng những người tài giỏi cũng như những cách thức có thể khơi dậy ở họ sự nhiệt tình, năng nổ ngay từ lúc họ bắt đầu tiếp nhận công việc. Đó không phải là những ý tưởng đột phá hay khó thực hiện, cũng không phải là những giả thuyết mơ hồ hay những phân tích phức tạp. Mà đó chỉ là những nguyên tắc rất đơn giản và dễ áp dụng. Bạn sẽ thấy hiệu quả ngay lập tức khi áp dụng vào thực tế.</p>', '2017-06-04', 54000, 30, 38000),
(38, 'Thuật Quản Lý Bán Hàng', 3, 2, 1, 'public/imgs/products/3.u335.d20160516.t094756.png', '<p>Công việc của người quản lý bán hàng là tuyển dụng, quản lý và động viên đội ngũ nhân viên bán hàng có hiệu suất hàng đầu.</p><p>Chuyên gia bán hàng lừng danh thế giới Brian Tracy đã dành hàng thập kỷ nghiên cứu sự khác biệt giữa những nhà quản lý bán hàng thành công nhất thế giới so với phần còn lại, và đúc kết thành những chiến lược đơn giản nhưng đầy quyền năng. Độc giả sẽ được khám phá sáu phẩm chất cốt lõi của một đội ngũ bán hàng thành công và biết cách:</p><p>•    Chọn lựa và tuyển dụng những người giỏi nhất</p><p>•    Đặt ra những mục tiêu rõ ràng</p><p>•    Xác định kế hoạch bán hàng</p><p>•    Thể hiện sự tôn trọng và đánh giá cao</p>', '2017-06-13', 59000, 30, 41000),
(39, 'Để Hiệu Quả Trong Công Việc', 5, 5, 3, 'public/imgs/products/img940_8.jpg', '<p>Kỹ năng xác định những mục tiêu ưu tiên, khắc phục tình trạng trì trệ trong công việc và xúc tiến những nhiệm vụ quan trọng là một kỹ năng thiết yếu để bạn phát triển và gặt hái nhiều thành quả vượt bậc trong sự nghiệp của mình. Cuốn Để Hiệu Quả Trong Công Việc sẽ trình bày 20 nguyên tắc thiết thực giúp bạn nâng cao hiệu suất làm việc cá nhân. Đây chính là 20 bước tiến nhảy vọt cho cả cuộc đời và sự nghiệp.</p><p>Chìa khóa của sự thành công chính là Hành động. Bạn hãy bắt tay ngay vào việc học hỏi và vận dụng những nguyên tắc này vào cuộc sống cũng như công việc kinh doanh. Kết quả đạt được luôn tương xứng với những nỗ lực không ngừng của bạn.</p><p>Xác định mục tiêu,</p><p>Lập kế hoạch làm việc</p><p>Xác định mức độ ưu tiên,</p><p>Xác định mức độ ưu tiên,</p>', '2017-06-12', 42000, 31, 29000),
(40, 'Tư Duy 1 Phút', 2, 3, 5, 'public/imgs/products/2.u2469.d20161117.t152724.815687.png', '<p>Chắc hẳn có người từng nghĩ rằng: \"Suy nghĩ mãi mà chẳng ra được ý nào. Giá mà ý tưởng cứ tuôn ra ào ạt thì cuộc đời mình sẽ thay đổi biết bao\".Trên đời có người lúc nào cũng vắt nát óc mà chẳng nảy sinh được ý tưởng nào ra hồn, mặt khác lại có người ý tưởng mới cứ tuôn ra ào ạt như nước. Sự khác biệt này từ đâu mà ra?Sự khác biệt này không nằm ở trí óc mà nằm ở cách tư duy của mỗi người và cách họ lưu lại thông tin và ghi chép ý tưởng. Tư duy 1 phút hướng dẫn bạn cách ghi chép lại những gì bạn nghĩ một cách nhanh nhất và chính xác nhất để bạn có thể lưu giữ những ý tưởng hay để phát huy những sáng kiến của mình và có cơ hội trở thành thiên tài. Hãy ghi lại bất cứ ý tưởng nào lóe lên trong đầu bạn trong vòng 1 phút và đừng suy nghĩ việc nó đúng hay sai, bởi nếu không ghi lại biết đâu bạn sẽ bỏ lỡ 1 ý tưởng tuyệt vời.</p><p>Những trích dẫn hay trong truyện:</p><p>- Chắc chắn ban đêm bạn luôn nằm mơ. Trong giấc mơ, có thể bạn đã nhìn thấy những cảnh tượng mới mẻ khiến bạn thốt lên rằng \"Sao lại giống như một bộ phim thế nhỉ\". Tuy nhiên lúc được hỏi \"Bạn có ghi chép lại giấc mơ ấy ngay khi vừa thức dậy hay không?\" thì hầu như chẳng ai làm điều đó cả. Ngay cả lúc nói cười vui vẻ với bạn bè và bật lên câu \"A, thú vị quá\", cũng không ai ghi nội dung câu chuyện thú vị đấy ra giấy.</p><p>Đó chính là điểm tạo nên sự khác biệt giữa bạn và thiên tài. Cảm hứng có thể đến với bất cứ ai, chỉ có điều bạn không lưu lại nó. Bạn thật sự không phải là \"một người không có ý tưởng\", thay vào đó nói \"bạn là người chưa nắm bắt được cảm hứng của chính mình\" sẽ đúng hơn.</p><p>- Phương pháp tư duy để trở thành thiên tài mà ngay cả bạn cũng có thể làm chính là \"phương pháp tư duy trong 1 phút\" này.</p><p>Tôi đã viết ra quyển sách này để các bạn có thể có được những sáng tạo như thiên tài.</p>', '2017-06-06', 75000, 29, 53000);
INSERT INTO `product` (`id_product`, `nameProduct`, `id_category`, `id_author`, `id_pro`, `picture`, `descrip`, `date`, `price`, `sale`, `realPrice`) VALUES
(41, 'Tiếng Anh Ma Thuật Dành Cho Người Tự Học (Kèm CD)', 5, 5, 4, 'public/imgs/products/tieng-anh-ma-thuat-danh-cho-nguoi-tu-hoc_1.jpg', '<p>Tiếng Anh là chìa khóa thành công trong tương lai. Không biết tiếng Anh thì không có tương lai.</p><p>Như chúng ta đã biết, tỷ lệ dân số nói tiếng Anh chiếm 20% tổng dân số thế giới, vì vậy tiếng Anh đã thực sự trở thành ngôn ngữ toàn cầu. Trong thời buổi hiện nay, những người có năng lực nhưng không biết tiếng Anh sẽ không được coi trọng, và tìm việc sẽ khó khăn hơn nhiều.</p><p>Liệu chúng ta có thể giỏi tiếng Anh được không? Câu trả lời là có. Nhưng chính phương thức học vẹt ngữ pháp và từ vựng mà chúng ta được dạy ở trường tiểu học, trung học, đại học lại trở thành chướng ngại cho chính việc học giao tiếp tiếng Anh.</p><p>Đã là tiếng Anh thì hoặc là bạn phải cắn răng mà lao vào học hoặc là bạn sẽ phải từ bỏ. Học giao tiếp tiếng Anh cũng giống như dòng nước đang trôi vậy. Bạn không cần phải cố gắng học thuộc càng nhiều càng tốt một cách thụ động như ở trường. Mỗi ngày bạn hãy đọc một câu tiếng Anh rồi bắt chước theo, như vậy dần dần bạn sẽ làm chủ được nó. Đừng nghĩ bạn có thể đạt được thứ gì một cách dễ dàng trong chốc lát. Người Mỹ cũng là do sử dụng tiếng Anh thường xuyên mới quen và thành thạo được. Người Mỹ có câu “Nothing comes from nothing”nghĩa là nếu không bắt tay vào làm thì chúng ta sẽ luôn dậm chân tại chỗ mà thôi. Nếu chúng ta sợ khổ sợ khó mà không chịu thử sức thì sẽ không đạt được gì hết.</p><p>Trong thời gian ở Việt Nam, tác giả cuốn sách này đã nói chuyện với nhiều sinh viên và người đi làm. Họ đều có một mong muốn giống nhau là giỏi tiếng Anh. Tuy nhiên, họ thật sự không biết phải học như thế nào.</p><p>Hiện nay ởViệt Nam có khá nhiều cuốn sách tiếng Anh được ra mắt mỗi tháng. Nhưng vô hình chung, cũng chính vì có nhiều cuốn sách tiếng Anh trên thị trường mà chúng ta lại gặp phải một vấn đề là không biết nên lựa chọn cuốn sách nào. Một cuốn sách mà có quá nhiều từ vựng khó thì đương nhiên không phải là cuốn sách hay. Một cuốn sách mà sau khi đọc có thể học được các mẫu câu một cách tự nhiên nhất mới chính là cuốn sách hữu ích với bạn.</p>', '2017-06-01', 10500, 30, 74000),
(42, 'Tự Học Đàm Thoại Tiếng Anh Du Lịch (Kèm CD)', 2, 3, 4, 'public/imgs/products/tu-hoc-dam-thoai-tieng-anh--du-lich-01.u547.d20160614.t155935.jpg', '', '2017-06-06', 67000, 30, 47000),
(43, 'Tự Học 1800 Câu Đàm Thoại Tiếng Nhật (Kèm CD)', 3, 3, 4, 'public/imgs/products/tu-hoc-1800-cau-dam-thoai-tieng-nhat.jpg', '<p>Việc học theo các giáo trình cơ bản tại trường học hay các trung tâm tiếng Nhật là cần thiết tuy nhiên sẽ mất khá nhiều thời gian để có thể nghe nói thành thạo trong khi nhu cầu giao tiếp lại là nhu cầu cấp bách nhất.</p><p>Cuốn sách 1800 câu đàm thoại tiếng Nhật được biên soạn nhằm mục đích giúp các bạn học sinh, sinh viên và những ai đang làm việc tại các công ty Nhật mở rộng khả năng giao tiếp của mình trên mọi phương diện : sinh hoạt hằng ngày, mua sắp, các tình huống tại ngân hàng, bệnh viện…</p><p>Sách được trình bày đẹp mắt và dễ hiểu, đình kèm CD MP3 giúp bạn luyện tập phát âm và hoàn thiện kỹ năng nói của mình.</p>', '2017-06-07', 75000, 29, 53000),
(44, 'Tập Viết Tiếng Nhật Căn Bản Katakana (Bìa Mềm)', 3, 3, 5, 'public/imgs/products/ttap viet tieng nhat can ban katakana (bia mem).u547.d20160907.t151801.90529.png', '<p>Hệ thống chữ viết và phát âm tiếng Nhật khác hoàn toàn so với hệ thống chữ tiếng Việt, nên việc nhớ được bảng chữ cái tiếng Nhật là rất khó khăn đối với hầu hết những người mới học. Cho dù học bất cứ ngôn ngữ gì bạn cũng cần có phươngpháp thì mới có hiệu quả.</p><p>1.Học bảng chữ cái tiếng Nhật bằng cách viết thật nhiều.</p><p>Đây là cách thông dụng nhất mà hầu hết các bạn mới học thường sử dụng để học</p><p>bảng chữ cái tiếng Nhật.– Với phương pháp này bạn cần một tờ giấy tập viết có rất nhiều ô vuông.</p><p>2. Học bảng chữ cái tiếng Nhật qua Flashcard.</p><p>3. Tìm những người bạn để học cùng.</p>', '2017-06-06', 40000, 10, 36000),
(45, '100 Câu Thành Ngữ Tiếng Hàn Thông Dụng (Kèm CD)', 3, 2, 5, 'public/imgs/products/bia.u2469.d20160905.t102129.472049.jpg', '<p>Hầu như các ngôn ngữ trên thế giới đều có thành ngữ, và thật khó để có thể hiểu hết được chúng. Ví dụ, thành ngữ tiếng Anh \"It’s raining cats and dogs\", dịch theo nghĩa đen là \"mưa chó và mèo\", nhưng nghĩa bóng lại là \"mưa rất to\".</p><p>Tiếng Hàn cũng không phải là ngoại lệ. Nếu bạn xem phim hoặc các chương trình giải trí của Hàn Quốc, có lẽ bạn sẽ nghe được một vài đoạn mà không thể dịch bám theo nghĩa đen được. Cuốn sách 100 Câu Thành Ngữ Tiếng Hàn Thông Dụng được biên soạn nhằm giúp bạn có cái nhìn đầy đủ về thành ngữ và cách sử dụng thành ngữ khi bạn nói hoặc viết tiếng Hàn. Đôi khi các thành ngữ này có thể sử dụng độc lập nhưng cũng có khi chúng chỉ là phần nhỏ trong câu dài, tùy vào ngữ cảnh. Do đó, đầu tiên bạn hãy nắm chắc nghĩa của các thành ngữ này bằng cách đọc kỹ cách giải thích, mô tả và nhìn tranh minh họa. Tiếp theo, bạn hãy theo dõi hội thoại mẫu để có thể vận dụng chúng vào thực tế.</p><p>Tóm lại, bạn cần hiểu rõ thành ngữ này một cách cụ thể bằng cách thường xuyên sử dụng chúng khi nói chuyện với người Hàn Quốc hoặc khi chat trên Internet, để các thành ngữ này khắc sâu vào đầu bạn và bạn có thể dùng chúng một cách chính xác và thuần thục sau này.</p><p>Cho dù bạn là người mới học tiếng Hàn hay là người chịu ảnh hưởng nhiều của người Hàn thì cuốn sách này vẫn phù hợp với bạn. Bạn có thể sử dụng cuốn sách này như một nguồn tham khảo để tra cứu những cụm từ bạn nghe được nhưng không hiểu, hoặc để nghiên cứu lần lượt từng cụm từ.</p><p>Bạn có thể học theo thứ tự từ chương 1 đến chương 100, hoặc tùy ý ở bất cứ trang nào bạn muốn. Cho dù bạn học theo cách nào đi chăng nữa thì cuốn sách này cũng sẽ giúp cải thiện kỹ năng tiếng Hàn của bạn và là nguồn tài liệu tuyệt vời cho bạn trong quá trình học tiếng Hàn.</p>', '2017-06-20', 120000, 30, 84000),
(46, 'Giáo Trình Căn Bản Tiếng Hàn (Tái Bản)', 3, 2, 4, 'public/imgs/products/img255.u335.d20160701.t131804.jpg', '<p>Tùy theo nhu cầu, người dùng có thể chọn một hay nhiều chương để học hay tham khảo nhanh. Với các bài học và bài tập đa dạng và cụ thể, Giáo trình Căn bản tiếng Hàn giúp học viên rèn luyện tất cả bốn kỹ năng cần thiết khi học ngoại ngữ.</p><p>Đây là một giáo trình thích hợp với mọi người đang cần học tiếng Hàn nhờ một số ưu điểm sau: sách có kích thước nhỏ, gọn, có thể dễ dàng mang theo để học và thực hành; việc tra cứu sách cũng rất đơn giản; bảng mục lục, chú giải Việt - Hàn và danh mục từ vựng đều rất tiện lợi cho việc học và kiểm tra sự tiến bộ; những tình huống cụ thể trong bài học đều là những tình huống có thật, thường gặp trong cuộc sống.</p><p>Quyển sách này được biên soạn cho những người cần học và rèn luyện những kỹ năng thiết yếu nhất của tiếng Hàn Quốc ở trình độ sơ cấp. Sách có thể được dùng làm giáo trình giảng dạy ở các trường cao đẳng, đại học hay các trung tâm ngoại ngữ...</p>', '2017-06-13', 44000, 30, 31000),
(47, '250 Bài Thuốc Đông Y Cổ Truyền Chọn Lọc', 3, 3, 5, 'public/imgs/products/250 bai thuoc dong y co truyen.u547.d20160420.t103414.jpg', '<p>Những hiểu biết cơ bản về thuốc đông y</p><p>Chương 1: Những bài thuốc giải biểu</p><p>Chương 2: Những bài thuốc thanh nhiệt</p><p>Chương 3: Những bài thuốc khu hàn</p><p>Chương 4: Những bài thuốc tả hạ</p><p>Chương 5: Những bài thuốc hòa giải</p><p>Chương 6: Những bài thuốc song giải biểu ly</p>', '2017-06-04', 58000, 29, 41000),
(48, 'Bệnh Cao Huyết Áp & Cách Điều Trị', 4, 2, 5, 'public/imgs/products/img562_7.jpg', '<p>Cao huyết áp là một loại bệnh tổng hợp và ngày càng trở nên phổ biến. Mặc dù, có khá nhiều người cho rằng đây chỉ là một dạng bệnh nhẹ nhưng nếu như không có sự chữa trị kịp thời thì nó có thể dẫn đến nhiều vấn đề nghiêm trọng đối với sức khỏe.</p><p>Cuốn sách nhỏ này được biên soạn nhằm mục đích giới thiệu tất cả các kiến thức liên quan cần thiết dành cho người bị cao huyết áp: nguyên nhân, hậu quả và cách chữa trị bệnh bằng sự trình bày mạch lạc, cô đọng và dễ hiểu. Trong đó, bạn sẽ được hỗ trợ những thông tin cần thiết khi tìm hiểu bệnh cao huyết áp. Ngoài ra, cuốn sách còn cung cấp những lời khuyên chân thành, kinh nghiệm quý báu và các bài thuốc phòng, chữa bệnh hiệu quả nhất để người bệnh cũng như người thân trong gia đình biết cách chữa bệnh và dự phòng tai biến.\r\n</p>', '2017-06-01', 52000, 30, 36400),
(49, 'Bệnh Cao Huyết Áp & Cách Điều Trị', 1, 5, 2, 'public/imgs/products/250 bai thuoc dong y co truyen.u547.d20160420.t103414 (1).jpg', '<p>Cao huyết áp là một loại bệnh tổng hợp và ngày càng trở nên phổ biến. Mặc dù, có khá nhiều người cho rằng đây chỉ là một dạng bệnh nhẹ nhưng nếu như không có sự chữa trị kịp thời thì nó có thể dẫn đến nhiều vấn đề nghiêm trọng đối với sức khỏe.</p><p>Cuốn sách nhỏ này được biên soạn nhằm mục đích giới thiệu tất cả các kiến thức liên quan cần thiết dành cho người bị cao huyết áp: nguyên nhân, hậu quả và cách chữa trị bệnh bằng sự trình bày mạch lạc, cô đọng và dễ hiểu. Trong đó, bạn sẽ được hỗ trợ những thông tin cần thiết khi tìm hiểu bệnh cao huyết áp. Ngoài ra, cuốn sách còn cung cấp những lời khuyên chân thành, kinh nghiệm quý báu và các bài thuốc phòng, chữa bệnh hiệu quả nhất để người bệnh cũng như người thân trong gia đình biết cách chữa bệnh và dự phòng tai biến.\r\n', '2017-06-07', 52000, 30, 36400),
(50, 'Tự Chữa Bệnh Bằng Thảo Dược', 2, 3, 4, 'public/imgs/products/tu-chua-benh-bang-duoc-thao.jpg', '<p>Hiện nay, nhiều loại dược thảo được sử dụng không cần có đơn của bác sĩ đã cung cấp các phương thuốc tự chữa bệnh hiệu quả. Một số đã được chứng minh trong thử nghiệm lâm sàng, nhưng đa số đều được sử dụng theo kinh nghiệm dân gian.</p><p>Đó là lý do vì sao hiện nay có trào lưu tìm kiếm những loại thuốc “thiên nhiên” để thay cho các chế phẩm tổng hợp bằng hóa chất. Một phần là do những lo lắng về các tác dụng phụ của thuốc bào chế từ hóa chất, đồng thời còn là tâm lý ưa chuộng những phương pháp điều trị dựa vào trực giác.</p><p>Cuốn sách này sẽ giúp bạn có cái nhìn đầy đủ hơn về cách chữa bệnh bằng thảo dược truyền thống cũng như hiện đại. Bên cạnh những thông tin của các chuyên gia, sách còn hướng dẫn bạn cách điều chế tại nhà nhiều phương thuốc cơ bản bằng dược thảo.</p><p>Thảo dược thường được cho là khá an toàn, song, cũng có nhiều loại có khả năng gây ngộ độc khi dùng sai liều lượng, do đó, bạn cần thận trọng tham khảo ý kiến bác sĩ trước khi sử dụng.</p>', '2017-06-08', 75000, 29, 53000),
(51, 'Chăm Sóc Sức Khỏe Sinh Sản Tuổi Vị Thành Niên', 3, 3, 4, 'public/imgs/products/sinh_san.jpg', '<p>“Chăm Sóc Sức Khỏe Sinh Sản Tuổi Vị Thành Niên” đề cập đến những vấn đề cơ bản liên quan đến quá trình dậy thì ở tuổi mới lớn, như những biến đổi về thể chất, tâm, sinh lý hay những cảm xúc mơ hồ về tình bạn, tình yêu…Cuốn sách cung cấp nhiều kiến thức bổ ích về cách chăm sóc sức khỏe sinh sản và sức khỏe tình dục, để các em biết cách giữ gìn sức khỏe và phòng tránh những hậu quả đáng tiếc gây ảnh hưởng đến tương lai các em.</p><p>“Chăm Sóc Sức Khỏe Sinh Sản Tuổi Vị Thành Niên” đề cập đến những vấn đề cơ bản liên quan đến quá trình dậy thì ở tuổi mới lớn, như những biến đổi về thể chất, tâm, sinh lý hay những cảm xúc mơ hồ về tình bạn, tình yêu…Cuốn sách cung cấp nhiều kiến thức bổ ích về cách chăm sóc sức khỏe sinh sản và sức khỏe tình dục, để các em biết cách giữ gìn sức khỏe và phòng tránh những hậu quả đáng tiếc gây ảnh hưởng đến tương lai các em.</p><p>Mời các bạn đón đọc!</p>', '2017-06-02', 75000, 29, 53000),
(52, '111 Câu Hỏi Đáp Về Phụ Khoa', 4, 2, 4, 'public/imgs/products/111-cau-hoi-ve-phu-khoa.jpg', '<p>Bệnh phụ khoa ở phái nữ hiện đại đang trở thành bệnh lý leo thang đáng báo động, ảnh hưởng đặc biệt nghiêm trọng đến sức khoẻ nói chung, và sức khỏe sinh sản của phụ nữ nói riêng. Đây là bệnh lý thường gặp ở mọi lứa tuổi nữ giới. Nhẹ thì ngứa ngáy, khó chịu, ra khí hư, nặng thì đau rát, đỏ, sưng tấy, thậm chí là mưng mủ… Nhiều người vẫn quan niệm bệnh phụ khoa là bệnh phụ nữ đã có gia đình, mà không biết rằng các thiếu nữ chưa từng quan hệ cũng có khả năng mắc bệnh.</p><p>Cuốn sách 111 câu hỏi - đáp về phụ khoa của bác sĩ Phó Đức Nhuận hẳn là một tài liệu, cẩm nang sinh lý cần thiết cho các độc giả nữ để các bạn hiểu hơn về cơ thể của mình để có chế độ chăm sóc thật cẩn thận, kỹ lưỡng, kịp thời phát hiện ra những dấu hiệu bất thường để có phương hướng điều trị phù hợp và hướng đến một cuộc sống khỏe mạnh toàn diện, chất lượng.\r\n</p><p>Tóm tắt nội dung</p><p>Các cơ quan tạo nên cơ thể người phụ nữ nhìn chung có cấu tạo không khác gì với cơ thể nam giới như cơ quan tuần hoàn, hô hấp, bài tiết, thần kinh, hệ xương - cơ - khớp... nhưng riêng cơ quan sinh dục thì do chức năng sinh lý khác hẳn nam giới nên có cấu trúc khác biệt hoàn toàn. Vì vậy, ngoài những điểm chung về sinh lý và bệnh lý của loài người, phụ nữ còn có những đặc điểm mà chỉ riêng họ mới có. Y học từ xưa đã có những khoa dành riêng nghiên cứu để chuyên phục vụ phụ nữ. Đó́ là Phụ khoa và Sản Khoa (thường gọi chung là khoa Phụ - Sản). Ngày nay trong các khoa Phu ̣- Sản còn chia ra nhiều chuyên khoa nhỏ để có điều kiện đi sâu hơn phục vụ sức khỏe người phụ nữ ở mọi lứa tuổi.</p><p>Tuy nhiên, những kiến thức cơ bản về sinh lý, bệnh lý thông thường là những điều mọi người, nhất là chị em phụ nữ nên biết để có thể tự theo dõi các diễn biến trong cơ thể mình, có thể sơ bộ nhận ra điều gì là bình thường, điều gì là bất thường cần được thầy thuốc tư vấn hoặc khám xét nhằm tránh các hậu quả đáng tiếc do tổn thương hay bệnh tật bị phát hiện muộn. Những kiến thức đó cũng giúp chị em hiểu biết và thực hành đúng vệ sinh phụ nữ, giữ gìn sức khỏe, hạnh phúc gia đình, tránh xa bệnh tật.</p>', '2017-06-15', 50000, 30, 35000),
(53, 'Tự Nhận Biết Để Cơ Thể Phòng Tránh Bệnh Tật', 3, 5, 2, 'public/imgs/products/img145_10.jpg', '<p>Tự Nhận Biết Cơ Thể Để Phòng Tránh Bệnh Tật giúp các độc giả, nhất là trẻ em nắm được tri thức phong phú về:</p><p>- Cấu tạo cơ thể người.</p><p> Vai trò và chức năng sinh lý của từng cơ quan, bộ phận trong cơ thể.</p><p>- Một số nguy cơ bệnh tật mà các cơ quan, bộ phận trong cơ thể dễ mắc phải</p><p>Những hiểu biết trên sẽ giúp các em có ý thức tự chăm sóc và bảo vệ sức khỏe của bản thân một cách khoa học.</p>', '2017-06-21', 33000, 30, 23100);

--
-- Chỉ mục cho các bảng đã đổ
--

--
-- Chỉ mục cho bảng `account`
--
ALTER TABLE `account`
  ADD UNIQUE KEY `userName` (`userName`);

--
-- Chỉ mục cho bảng `author`
--
ALTER TABLE `author`
  ADD PRIMARY KEY (`id_author`),
  ADD UNIQUE KEY `id_athour` (`id_author`);

--
-- Chỉ mục cho bảng `bill`
--
ALTER TABLE `bill`
  ADD PRIMARY KEY (`id_bill`),
  ADD UNIQUE KEY `id_bill` (`id_bill`);

--
-- Chỉ mục cho bảng `billdetail`
--
ALTER TABLE `billdetail`
  ADD PRIMARY KEY (`id_bill`,`id_product`),
  ADD KEY `id_product` (`id_product`),
  ADD KEY `id_bill` (`id_bill`);

--
-- Chỉ mục cho bảng `category`
--
ALTER TABLE `category`
  ADD PRIMARY KEY (`id_category`),
  ADD UNIQUE KEY `id_category` (`id_category`);

--
-- Chỉ mục cho bảng `producer`
--
ALTER TABLE `producer`
  ADD PRIMARY KEY (`id_pro`),
  ADD UNIQUE KEY `id_pro` (`id_pro`);

--
-- Chỉ mục cho bảng `product`
--
ALTER TABLE `product`
  ADD PRIMARY KEY (`id_product`),
  ADD UNIQUE KEY `id_product` (`id_product`) USING BTREE,
  ADD KEY `id_author` (`id_author`),
  ADD KEY `id_pro` (`id_pro`) USING BTREE,
  ADD KEY `id_category` (`id_category`) USING BTREE;

--
-- AUTO_INCREMENT cho các bảng đã đổ
--

--
-- AUTO_INCREMENT cho bảng `author`
--
ALTER TABLE `author`
  MODIFY `id_author` int(11) NOT NULL AUTO_INCREMENT, AUTO_INCREMENT=33;
--
-- AUTO_INCREMENT cho bảng `bill`
--
ALTER TABLE `bill`
  MODIFY `id_bill` int(11) NOT NULL AUTO_INCREMENT, AUTO_INCREMENT=6;
--
-- AUTO_INCREMENT cho bảng `category`
--
ALTER TABLE `category`
  MODIFY `id_category` int(11) NOT NULL AUTO_INCREMENT, AUTO_INCREMENT=11;
--
-- AUTO_INCREMENT cho bảng `producer`
--
ALTER TABLE `producer`
  MODIFY `id_pro` int(11) NOT NULL AUTO_INCREMENT, AUTO_INCREMENT=13;
--
-- AUTO_INCREMENT cho bảng `product`
--
ALTER TABLE `product`
  MODIFY `id_product` int(11) NOT NULL AUTO_INCREMENT, AUTO_INCREMENT=57;
--
-- Các ràng buộc cho các bảng đã đổ
--

--
-- Các ràng buộc cho bảng `billdetail`
--
ALTER TABLE `billdetail`
  ADD CONSTRAINT `billdetail_ibfk_1` FOREIGN KEY (`id_bill`) REFERENCES `bill` (`id_bill`),
  ADD CONSTRAINT `billdetail_ibfk_2` FOREIGN KEY (`id_product`) REFERENCES `product` (`id_product`);

--
-- Các ràng buộc cho bảng `product`
--
ALTER TABLE `product`
  ADD CONSTRAINT `product_ibfk_2` FOREIGN KEY (`id_author`) REFERENCES `author` (`id_author`),
  ADD CONSTRAINT `product_ibfk_3` FOREIGN KEY (`id_category`) REFERENCES `category` (`id_category`),
  ADD CONSTRAINT `product_ibfk_4` FOREIGN KEY (`id_pro`) REFERENCES `producer` (`id_pro`);

/*!40101 SET CHARACTER_SET_CLIENT=@OLD_CHARACTER_SET_CLIENT */;
/*!40101 SET CHARACTER_SET_RESULTS=@OLD_CHARACTER_SET_RESULTS */;
/*!40101 SET COLLATION_CONNECTION=@OLD_COLLATION_CONNECTION */;
